pair_id,category,split,lost_image,found_image,positive_caption,hard_negative_caption
lunchbox_001,Lunchboxes,train,lost_lunchbox_01.png,found_lunchbox_01.png,"Pink plastic bento lunchbox with cream/beige side clip latches, rectangular shape, clear lid compartment with a single cutlery slot","Pink plastic bento lunchbox with red side clip latches, rectangular shape, clear lid compartment with a single cutlery slot"
lunchbox_002,Lunchboxes,train,lost_lunchbox_02.png,found_lunchbox_02.png,"Black leatherette cylindrical carry case with a chrome metal seam clasp around the middle, shoulder strap with metal clip hardware, rounded square silhouette","Black leatherette cylindrical carry case with a chrome metal seam clasp around the middle, woven fabric handle on top, rounded square silhouette"
lunchbox_003,Lunchboxes,train,lost_lunchbox_03.png,found_lunchbox_03.png,"Beige/tan plastic rectangular lunchbox with side handles, snap-close lid, ""LUNCH BOX"" text embossed on the upper tray","Beige/tan plastic rectangular lunchbox with side handles, snap-close lid, ""DELICIOUS"" text embossed on the upper tray"
lunchbox_004,Lunchboxes,train,lost_lunchbox_04.png,found_lunchbox_04.png,"Blue and white plastic lunchbox, rounded rectangular shape, blue lid with a circular indent in the center, white side clip latches on all four sides","Green and white plastic lunchbox, rounded rectangular shape, green lid with a circular indent in the center, white side clip latches on all four sides"
lunchbox_005,Lunchboxes,train,lost_lunchbox_05.png,found_lunchbox_05.png,"Sage green two-tier round lunchbox, chrome metal seam bands between each layer, white plastic carry handle on top, white square side clip latches","Sage green three-tier round lunchbox, chrome metal seam bands between each layer, white plastic carry handle on top, white square side clip latches"
lunchbox_006,Lunchboxes,train,lost_lunchbox_06.png,found_lunchbox_06.png,"White plastic three-tier stackable lunchbox, brown accent seams between each layer, brown side clip latches, ""DELICIOUS Have a nice day!"" text on the bottom tier","White plastic three-tier stackable lunchbox, silver accent seams between each layer, brown side clip latches, ""DELICIOUS Have a nice day!"" text on the bottom tier"
lunchbox_007,Lunchboxes,train,lost_lunchbox_07.png,found_lunchbox_07.png,"Dark teal plastic rectangular lunchbox, smoky transparent lid, bold yellow latch clasp on the front, rounded corners","Dark teal plastic rectangular lunchbox, smoky transparent lid, bold yellow latch clasp on the front, sharp squared corners"
lunchbox_008,Lunchboxes,train,lost_lunchbox_08.png,found_lunchbox_08.png,"Blue Spider-Man ""Spider-Sense"" plastic lunchbox, clear transparent lid over blue printed insert, red side clip latches on all four corners, rectangular shape","Blue Spider-Man ""Spider-Sense"" plastic lunchbox, frosted opaque lid over blue printed insert, red side clip latches on all four corners, rectangular shape"
lunchbox_009,Lunchboxes,train,lost_lunchbox_09.png,found_lunchbox_09.png,"Blush pink Stanley hard-shell lunchbox, textured fabric exterior, recessed rectangular front panel, silver zipper hardware, rope top carry handle","Blush pink Stanley hard-shell lunchbox, textured fabric exterior, recessed rectangular front panel, gold zipper hardware, rope top carry handle"
lunchbox_010,Lunchboxes,train,lost_lunchbox_10.png,found_lunchbox_10.png,"Polished stainless steel four-tier round tiffin lunchbox, black plastic top carry handle, metal wire latch bands wrapping all tiers","Polished stainless steel four-tier round tiffin lunchbox, black plastic top carry handle, plastic snap clip latches on the side"
lunchbox_011,Lunchboxes,train,lost_lunchbox_11.png,found_lunchbox_11.png,"Bright green Sunnyware plastic rectangular lunchbox, semi-transparent lid, oval ""Sunny Lunch Box"" label sticker centered on top, rounded corners","Bright yellow Sunnyware plastic rectangular lunchbox, semi-transparent lid, oval ""Sunny Lunch Box"" label sticker centered on top, rounded corners"
lunchbox_012,Lunchboxes,train,lost_lunchbox_12.png,found_lunchbox_12.png,"Green Minecraft Smiggle plastic rectangular lunchbox, clear lid with dual Creeper and TNT pixel art print, black side clip latches on all four corners","Green Minecraft Smiggle plastic rectangular lunchbox, clear lid with dual Creeper and TNT pixel art print, red side clip latches on all four corners"
lunchbox_013,Lunchboxes,train,lost_lunchbox_13.png,found_lunchbox_13.png,"Lavender/purple plastic rectangular lunchbox, stainless steel inner tray visible through clear lid, ""lucky!!! lucky!!!"" text and mangosteen fruit graphic printed on inner tray, purple side clip latches","Lavender/purple plastic rectangular lunchbox, stainless steel inner tray visible through clear lid, ""lucky!!! lucky!!!"" text and mangosteen fruit graphic printed on inner tray, white side clip latches"
lunchbox_014,Lunchboxes,train,lost_lunchbox_14.png,found_lunchbox_14.png,"Mint green plastic rectangular lunchbox, stainless steel inner tray with a teal circular button vent on top, clear see-through lid, rounded corners","Mint green plastic rectangular lunchbox, stainless steel inner tray with a teal circular button vent on top, fully opaque solid lid, rounded corners"
lunchbox_015,Lunchboxes,train,lost_lunchbox_15.png,found_lunchbox_15.png,"Dark smoky black ""ENJOY Meal time"" plastic rectangular lunchbox, diamond-pattern textured transparent lid panel, rectangular shape","Dark smoky black ""ENJOY Meal time"" plastic rectangular lunchbox, smooth untextured transparent lid panel, rectangular shape"
lunchbox_016,Lunchboxes,train,lost_lunchbox_16.png,found_lunchbox_16.png,"Clear white plastic rectangular lunchbox, fully transparent lid showing divided stainless steel inner tray, white side clip latches on all four sides","Clear white plastic rectangular lunchbox, fully transparent lid showing single undivided stainless steel inner tray, white side clip latches on all four sides"
lunchbox_017,Lunchboxes,train,lost_lunchbox_17.png,found_lunchbox_17.png,"Mint green plastic rectangular lunchbox, darker green recessed rectangular panel on lid, rounded corners, green side clip latches","Mint green plastic rectangular lunchbox, darker green recessed rectangular panel on lid, sharp square corners, green side clip latches"
lunchbox_018,Lunchboxes,train,lost_lunchbox_18.png,found_lunchbox_18.png,"Dark grey and orange two-tier rectangular lunchbox, bold orange rubber seal border framing the transparent lid, grey oval vent button centered on top","Dark grey and orange two-tier rectangular lunchbox, bold orange rubber seal border framing the transparent lid, round glossy black vent button centered on top"
lunchbox_019,Lunchboxes,train,lost_lunchbox_19.png,found_lunchbox_19.png,"White and light green ""HEALTHY Healthy Life"" plastic oval lunchbox, green horizontal band across the lid, circular green button vent on the right side of band","White and light green ""HEALTHY Healthy Life"" plastic oval lunchbox, green horizontal band across the lid, rectangular green slider vent on the right side of band"
lunchbox_020,Lunchboxes,train,lost_lunchbox_20.png,found_lunchbox_20.png,"White EiMai two-tier round thermos lunchbox, purple dome lid, purple accent seam band around the middle, ""EiMai"" logo on body","Pink EiMai two-tier round thermos lunchbox, purple dome lid, purple accent seam band around the middle, ""EiMai"" logo on body"
lunchbox_021,Lunchboxes,train,lost_lunchbox_21.png,found_lunchbox_21.png,"Light pink Baby Pro lunchbox, smooth matte plastic, rectangular lid with rounded corners, hot pink side latches and carry handle.","Light pink Baby Pro lunchbox, smooth matte plastic, rectangular lid with sharp square corners, hot pink side latches and carry handle."
lunchbox_022,Lunchboxes,train,lost_lunchbox_22.jpg,found_lunchbox_22.jpg,"Matte peach/blush pink oval lunchbox, smooth plastic body, thin chrome seam band around the middle, flat top-mounted carry handle","Matte peach/blush pink oval lunchbox, smooth plastic body, thin chrome seam band around the middle, rope loop carry handle on top"
lunchbox_023,Lunchboxes,train,lost_lunchbox_23.jpg,found_lunchbox_23.jpg,"Red and white ""Home Sweet Home"" house-shaped plastic lunchbox, red brick-textured roof lid, white container body with house and fence illustration, green fabric carry strap","Red and white ""Home Sweet Home"" house-shaped plastic lunchbox, red brick-textured roof lid, white container body with house and fence illustration, yellow plastic carry handle"
lunchbox_024,Lunchboxes,train,lost_lunchbox_24.jpg,found_lunchbox_24.jpg,"Black Harry Potter Golden Snitch round plastic lunchbox, glossy black lid with Golden Snitch graphic, gold/tan plastic lower tier, black side clip latches","Black Harry Potter Golden Snitch round plastic lunchbox, matte black lid with Golden Snitch graphic, gold/tan plastic lower tier, black side clip latches"
lunchbox_025,Lunchboxes,train,lost_lunchbox_25.jpg,found_lunchbox_25.jpg,"Pink and white Sanrio Hello Kitty three-tier round stacking lunchbox, white cat face lid with pink bow on top, pink illustrated body with pastel animal graphics","Pink and white Sanrio Hello Kitty three-tier round stacking lunchbox, white cat face lid with pink bow on top, pink illustrated body with solid unprinted panels"
lunchbox_026,Lunchboxes,train,lost_lunchbox_26.png,found_lunchbox_26.png,"Pink Bollie kids bento lunch box, near-square compact body, fairy-and-unicorn illustration on lid, purple front push-button latch closure.","Pink Bollie kids bento lunch box, wide rectangular body, fairy-and-unicorn illustration on lid, purple front push-button latch closure."
lunchbox_027,Lunchboxes,train,lost_lunchbox_27.jpg,found_lunchbox_27.jpg,"Matte black Tiger cylindrical carry case lunchbox, textured hard plastic exterior, chrome metal seam band around the middle, rounded square silhouette, shoulder strap with metal clip hardware","Matte black Tiger cylindrical carry case lunchbox, smooth hard plastic exterior, chrome metal seam band around the middle, rounded square silhouette, shoulder strap with metal clip hardware"
lunchbox_028,Lunchboxes,train,lost_lunchbox_28.jpg,found_lunchbox_28.jpg,"White and yellow ""Panda Lunch"" plastic rectangular lunchbox, illustrated panda scene lid with blue sky and yellow ground, yellow ribbed plastic lower body","White and yellow ""Panda Lunch"" plastic rectangular lunchbox, illustrated panda scene lid with blue sky and yellow ground, smooth unribbed yellow plastic lower body"
lunchbox_029,Lunchboxes,train,lost_lunchbox_29.png,found_lunchbox_29.png,"Clear transparent ""bento box"" plastic square lunchbox, blue carry handle on top, ""bento box"" product label sticker on lid","Clear transparent ""bento box"" plastic square lunchbox, white carry handle on top, ""bento box"" product label sticker on lid"
lunchbox_030,Lunchboxes,train,lost_lunchbox_30.png,found_lunchbox_30.png,"White plastic rectangular lunchbox, clear transparent lid showing divided inner tray, circular vent button on lid, white side clip latches, rounded corners","White plastic rectangular lunchbox, clear transparent lid showing divided inner tray, circular vent button on lid, white side clip latches, sharp square corners"
lunchbox_031,Lunchboxes,train,lost_lunchbox_31.png,found_lunchbox_31.png,"Smoke-grey ""HEALTHY / HEALTHY LIFE"" oval lunch box, semi-transparent matte plastic lid, stainless steel inner tray, olive-green side latch clips and small oval top button","Smoke-grey ""HEALTHY / HEALTHY LIFE"" oval lunch box, semi-transparent matte plastic lid, stainless steel inner tray, silver metallic side latch clips and small oval top button"
lunchbox_032,Lunchboxes,train,lost_lunchbox_32.png,found_lunchbox_32.png,"Beige/cream rectangular lunch box, 750 ml, clear glossy plastic lid, wheat-straw matte body with ribbed texture, snap-tab closure on short end","Beige/cream rectangular lunch box, 750 ml, clear glossy plastic lid, wheat-straw matte body with ribbed texture, hinged flip-top closure on short end"
lunchbox_033,Lunchboxes,train,lost_lunchbox_33.png,found_lunchbox_33.png,"Teal matte plastic oval lunch box, 850 ml, ""LUNCH BOX enjoy the delicacy"" white print on lid, orange accent clips on both short ends, fully rounded pill-shaped silhouette","Teal matte plastic oval lunch box, 850 ml, ""LUNCH BOX enjoy the delicacy"" white print on lid, orange accent clips on both short ends, slightly flattened rectangular silhouette with soft corners"
lunchbox_034,Lunchboxes,train,lost_lunchbox_34.png,found_lunchbox_34.png,"White square plastic lunch box, ""SUNNY"" text on cloud-shaped parachute illustration with sleeping bunny graphic, dark mauve/wine-red side latch clips, rounded square lid","White square plastic lunch box, ""SUNNY"" text on cloud-shaped parachute illustration with sleeping bunny graphic, dark mauve/wine-red side latch clips, circular lid"
lunchbox_035,Lunchboxes,train,lost_lunchbox_35.png,found_lunchbox_35.png,"White square plastic lunch box, ""PERFECT DAY"" hand-lettered text, peeking bunny graphic on lid, teal side latch clips, rounded square shape","White square plastic lunch box, ""PERFECT DAY"" hand-lettered text, peeking bunny graphic on lid, teal side latch clips, sharp-cornered square shape"
lunchbox_036,Lunchboxes,train,lost_lunchbox_36.png,found_lunchbox_36.png,"Pink ""Hello Kitty"" rectangular lunch box, glossy clear plastic lid over magenta printed interior, light pink frame body, small light pink circular vent button on lid","Pink ""Hello Kitty"" rectangular lunch box, glossy clear plastic lid over magenta printed interior, light pink frame body, small red circular vent button on lid"
lunchbox_037,Lunchboxes,val,lost_lunchbox_37.png,found_lunchbox_37.png,"Red ""Marvel Spider-Man"" rectangular lunch box, glossy blue clear plastic lid with Spider-Man graphic, red plastic frame body, red circular vent button on lid, side latch clips","Red ""Marvel Spider-Man"" rectangular lunch box, glossy blue clear plastic lid with Spider-Man graphic, red plastic frame body, red circular vent button on lid, hinged flip-top closure with no side latches"
lunchbox_038,Lunchboxes,val,lost_lunchbox_38.png,found_lunchbox_38.png,"Red ""Disney Cars / Lightning McQueen"" rectangular lunch box, glossy clear plastic lid with Cars racing graphic, red plastic body, small circular vent button on lid","Red ""Disney Cars / Lightning McQueen"" rectangular lunch box, glossy clear plastic lid with Cars racing graphic, red plastic body, no vent button on lid"
lunchbox_039,Lunchboxes,val,lost_lunchbox_39.png,found_lunchbox_39.png,"Pastel green apple-shaped lunch box, semi-transparent glossy plastic body with ""Love life"" bear character print, white top-mounted locking clip closure","Pastel green apple-shaped lunch box, semi-transparent glossy plastic body with ""Love life"" bear character print, white side snap-latch closure"
lunchbox_040,Lunchboxes,val,lost_lunchbox_40.png,found_lunchbox_40.png,"Pastel pink apple-shaped lunch box, transparent glossy lid with ""Love life"" bear character print, plastic body, white top-mounted locking clip closure","Pastel pink apple-shaped lunch box, matte textured lid with ""Love life"" bear character print, plastic body, white top-mounted locking clip closure"
lunchbox_041,Lunchboxes,val,lost_lunchbox_41.png,found_lunchbox_41.png,"Light blue-grey matte plastic rectangular lunch box, plain unprinted lid, recessed rectangular push-button vent on top, rounded corners","Light blue-grey matte plastic rectangular lunch box, plain unprinted lid, recessed rectangular push-button vent on top, sharp square corners"
lunchbox_042,Lunchboxes,test,lost_lunchbox_42.png,found_lunchbox_42.png,"Fully transparent clear glass rectangular food container, light blue silicone perimeter gasket rim, see-through lid with centered push-down vent valve, no side handles.","Fully transparent clear glass rectangular food container, red silicone perimeter gasket rim, see-through lid with centered push-down vent valve, no side handles"
lunchbox_043,Lunchboxes,val,lost_lunchbox_43.png,found_lunchbox_43.png,"Purple ""Kuromi"" rectangular lunch box, semi-transparent clear plastic lid over stainless steel inner tray, solid purple front panel with ""kuromi"" white text, four corner latch clips","Purple ""Kuromi"" rectangular lunch box, semi-transparent clear plastic lid over stainless steel inner tray, solid purple front panel with ""kuromi"" white text, two side latch clips "
lunchbox_044,Lunchboxes,val,lost_lunchbox_44.png,found_lunchbox_44.png,"Pink ""My Melody"" rectangular lunch box, semi-transparent clear plastic lid over stainless steel inner tray, solid pink front panel with ""MY MELODY"" white text, four corner latch clips","Pink ""My Melody"" rectangular lunch box, semi-transparent clear plastic lid over stainless steel inner tray, solid pink front panel with ""MY MELODY"" white text, magnetic snap closure, no corner latch clips"
lunchbox_045,Lunchboxes,val,lost_lunchbox_45.png,found_lunchbox_45.png,"Light blue ""Cinnamoroll"" rectangular lunch box, semi-transparent clear plastic lid over stainless steel inner tray, solid teal front panel with ""Cinnamoroll"" white text and yellow dot accents, four corner latch clips","Light blue ""Cinnamoroll"" rectangular lunch box, semi-transparent clear plastic lid over wooden inner tray, solid teal front panel with ""Cinnamoroll"" white text and yellow dot accents, four corner latch clips"
lunchbox_046,Lunchboxes,val,lost_lunchbox_46.png,found_lunchbox_46.png,"Pink ""Melody"" rectangular lunch box, glossy clear plastic lid over pink printed interior, light pink frame body, clear oval vent button on lid, two top hinge clips","Pink ""Melody"" rectangular lunch box, matte opaque plastic lid over pink printed interior, light pink frame body, clear oval vent button on lid, two top hinge clips"
lunchbox_047,Lunchboxes,test,lost_lunchbox_47.png,found_lunchbox_47.png,"Silver stainless steel three-tier round tiffin carrier, polished mirror finish, metal swing-arm locking clip on side, foldable carry handle on top","Silver stainless steel three-tier round tiffin carrier, brushed matte finish, metal swing-arm locking clip on side, foldable carry handle on top"
lunchbox_048,Lunchboxes,test,lost_lunchbox_48.png,found_lunchbox_48.png,"White and pink ""lucky!!! lucky!!!"" rectangular lunch box, clear plastic lid over stainless steel inner tray with peach graphic, pink oval vent button, pink side latch clips, rounded corners","White and pink ""lucky!!! lucky!!!"" rectangular lunch box, clear plastic lid over stainless steel inner tray with peach graphic, pink oval vent button, pink side latch clips, sharp square corners"
lunchbox_049,Lunchboxes,test,lost_lunchbox_49.png,found_lunchbox_49.png,"Yellow and olive-green ""DELICIOUS"" rectangular lunch box, clear plastic lid over stainless steel inner tray, yellow plastic frame, small circular vent on lid, side latch clips","Yellow and olive-green ""DELICIOUS"" rectangular lunch box, clear plastic lid over stainless steel inner tray, yellow plastic frame, small circular vent on lid, top hinged flip closure"
lunchbox_050,Lunchboxes,test,lost_lunchbox_50.png,found_lunchbox_50.png,"Light-grey rectangular lunch box, pale blue latch clips and flap compartment, white oval shaped vent button on lid","Light-grey rectangular lunch box, pale blue latch clips and flap compartment, white star shaped vent button on lid"
lunchbox_051,Lunchboxes,train,lost_lunchbox_51.png,found_lunchbox_51.png,"Pastel yellow ""HEALTHY / HEALTHY LIFE"" oval lunch box, cream matte plastic body, amber-yellow vertical front panel with white text, amber-yellow circular vent button on lid, side latch clips","Pastel yellow ""HEALTHY / HEALTHY LIFE"" oval lunch box, cream glossy plastic body, amber-yellow vertical front panel with white text, amber-yellow circular vent button on lid, side latch clips"
lunchbox_052,Lunchboxes,train,lost_lunchbox_52.png,found_lunchbox_52.png,"Khaki ""Bento"" two-tier stacked lunch box, gold embossed brand text on front, chrome metallic dividing band between tiers, rounded rectangular body.","Khaki ""Bento"" two-tier stacked lunch box, gold embossed brand text on front, matte black dividing band between tiers, rounded rectangular body."
lunchbox_053,Lunchboxes,val,lost_lunchbox_53.png,found_lunchbox_53.png,"White cylindrical multi-tier stackable lunch jar, ""FOOD Love Kitchen Life"" branding on body, grey accent ring bands between tiers, integrated top loop carry handle.","White rectangular multi-tier stackable lunch jar, ""FOOD Love Kitchen Life"" branding on body, grey accent ring bands between tiers, integrated top loop carry handle."
lunchbox_054,Lunchboxes,val,lost_lunchbox_54.png,found_lunchbox_54.png,"White and dark charcoal grey two-tone HUG electric lunch box, ""HUG"" logo on upper white panel, small grey push-button latch on front center, rounded square body.","White and dark charcoal grey two-tone HUG electric lunch box, ""HUG"" logo on upper white panel, small grey push-button latch on front center, sharp-cornered rectangular body."
lunchbox_055,Lunchboxes,train,lost_lunchbox_55.png,found_lunchbox_55.png,"White and blue plastic electric lunch box, four blue side-clip latches at corners, white integrated carry handle on top, circular steam vent on lid center.","White and blue plastic electric lunch box, blue zipper perimeter seal instead of clip latches, white integrated carry handle on top, circular steam vent on lid center."
lunchbox_056,Lunchboxes,val,lost_lunchbox_56.png,found_lunchbox_56.png,"Matte black two-tier rectangular bento box, natural bamboo wood lid, wide black elastic band securing the stack vertically, thin white seam line between tiers.","Matte black two-tier rectangular bento box, matte black plastic lid, wide black elastic band securing the stack vertically, thin white seam line between tiers."
lunchbox_057,Lunchboxes,train,lost_lunchbox_57.png,found_lunchbox_57.png,"Hot pink Quencha collapsible silicone lunch box, transparent clear-panel lid, teal ""quencha"" logo text on front, small round red valve on lid corner.","Hot pink Quencha collapsible silicone lunch box, fully opaque lid, teal ""quencha"" logo text on front, small round red valve on lid corner."
lunchbox_058,Lunchboxes,train,lost_lunchbox_58.png,found_lunchbox_58.png,"Dusty rose pink Roborobo lunch box, uniform matte plastic body, four side-clip latches at corners, small loop tab on top-right corner of lid.","Dusty rose pink Roborobo lunch box, uniform glossy plastic body, four side-clip latches at corners, small loop tab on top-right corner of lid."
lunchbox_059,Lunchboxes,test,lost_lunchbox_59.png,found_lunchbox_59.png,"Dark grey two-compartment lunch box, large frosted grey panel lid on left section, smaller white panel lid on right section, small red circular logo on left panel.","Dark grey two-compartment lunch box, large frosted grey panel lid on left section, smaller grey panel lid on right section, small red circular logo on left panel."
lunchbox_060,Lunchboxes,train,lost_lunchbox_60.png,found_lunchbox_60.png,"Light pink plastic lunch box, rounded rectangular body, integrated arched carry handle on top lid, four corner side-clip latches.","Light pink plastic lunch box, rounded rectangular body, flat flush-mount top handle, four corner side-clip latches."
lunchbox_061,Lunchboxes,train,lost_lunchbox_61.png,found_lunchbox_61.png,"Cream/off-white Lucky Lunch-Box insulated soup jar, cylindrical body with vertical ribbed screw-top lid, thin rose-gold accent ring separating lid from bowl","Cream/off-white Lucky Lunch-Box insulated soup jar, cylindrical body with smooth flat screw-top lid, thin rose-gold accent ring separating lid from bowl"
lunchbox_062,Lunchboxes,train,lost_lunchbox_62.png,found_lunchbox_62.png,"Off-white matte plastic cylindrical lunch box, ""LUNCH BOX"" text with small house illustrations printed on body, short vertical ridged tab on lid top","Off-white matte plastic cylindrical lunch box, ""LUNCH BOX"" text with small house illustrations printed on body, wide flat handle on lid top"
lunchbox_063,Lunchboxes,train,lost_lunchbox_63.png,found_lunchbox_63.png,"Yellow plastic kids lunch box, cartoon orange dinosaur ""dinosaur"" graphic on front, orange buckle latch closure on front, white accent trim along the split seam","Yellow plastic kids lunch box, cartoon orange dinosaur ""dinosaur"" graphic on front, blue buckle latch closure on front, white accent trim along the split seam"
lunchbox_064,Lunchboxes,val,lost_lunchbox_64.png,found_lunchbox_64.png,"Clear glass rectangular lunchbox, translucent plastic lid with blue-gray silicone seal, four black locking side clips, rounded corners","Clear glass rectangular lunchbox, translucent plastic lid with blue-gray silicone seal, four black locking side clips, sharp square corners"
lunchbox_065,Lunchboxes,train,lost_lunchbox_65.png,found_lunchbox_65.png,"Beige/sand collapsible stainless steel inner lunch box, rounded square silicone frame border, polished silver interior tray with small white tab handle","Beige/sand collapsible stainless steel inner lunch box, sharp square silicone frame border, polished silver interior tray with small white tab handle"
lunchbox_066,Lunchboxes,train,lost_lunchbox_66.png,found_lunchbox_66.png,"Muted teal/dark sage double-tier bento box, rounded rectangular matte plastic body, white seam dividing two equal tiers, grey elastic band strap around full perimeter","Muted teal/dark sage double-tier bento box, rounded rectangular matte plastic body, white seam dividing two equal tiers, black elastic band strap around full perimeter"
lunchbox_067,Lunchboxes,train,lost_lunchbox_67.png,found_lunchbox_67.png,"Clear frosted translucent plastic rectangular lunch box, snap-lock lid with geometric angular partition lines embossed on interior, rounded corners","Clear frosted translucent plastic rectangular lunch box, snap-lock lid with grid pattern partition lines embossed on interior, rounded corners"
lunchbox_068,Lunchboxes,test,lost_lunchbox_68.png,found_lunchbox_68.png,"All-white matte plastic rectangular lunchbox, smooth flat lid, two wide side-locking flip clips, rounded corners","All-white matte plastic rectangular lunchbox, smooth flat lid, two narrow pin-style side clips, rounded corners"
lunchbox_069,Lunchboxes,train,lost_lunchbox_69.png,found_lunchbox_69.png,"Light blue translucent plastic rectangular lunchbox, soft flexible lid with embossed ""YUMMY"" and ""LUNCH BOX"" text raised on surface, no clips, slightly rounded corners","Light blue translucent plastic rectangular lunchbox, smooth flat lid with no embossed text, no clips, slightly rounded corners"
lunchbox_070,Lunchboxes,train,lost_lunchbox_70.png,found_lunchbox_70.png,"Stainless steel rectangular bento tray, clear acrylic hinged lid, three separate steel compartments with rounded square wells, white plastic side-latch handles","Stainless steel rectangular bento tray, clear acrylic hinged lid, three separate steel compartments with rounded square wells, black plastic side-latch handles"
lunchbox_071,Lunchboxes,test,lost_lunchbox_71.png,found_lunchbox_71.png,"Brushed stainless steel rectangular lunch tray, no lid, three compartments — one large elongated section on the left, two smaller rectangular sections stacked on the right, rounded inner edges","Brushed stainless steel rectangular lunch tray, no lid, two equal-sized compartments side by side, rounded inner edges"
lunchbox_072,Lunchboxes,train,lost_lunchbox_72.png,found_lunchbox_72.png,"Cream/beige matte plastic rectangular lunchbox, ribbed lower front panel, smooth domed lid, two side snap-latch clips, rounded corners","Cream/beige matte plastic rectangular lunchbox, smooth lower front panel, smooth domed lid, two side snap-latch clips, rounded corners"
lunchbox_073,Lunchboxes,train,lost_lunchbox_73.png,found_lunchbox_73.png,"White and dark gray two-tier stackable rectangular lunchbox, smoky translucent plastic lid with a small oval button latch on top, gray rubber seal rim, gray accent stripe between tiers","White and dark gray two-tier stackable rectangular lunchbox, smoky translucent plastic lid with a small oval button latch on top, gray rubber seal rim, no accent stripe between tiers"
lunchbox_074,Lunchboxes,train,lost_lunchbox_74.png,found_lunchbox_74.png,"Mint green square plastic lunchbox, semi-transparent lid revealing interior dividers and a white spoon, two steel-blue side-locking flip clips","Mint green square plastic lunchbox, semi-transparent lid revealing interior dividers and a white spoon, two olive green side-locking flip clips"
lunchbox_075,Lunchboxes,test,lost_lunchbox_75.png,found_lunchbox_75.png,"Cream/beige matte plastic rectangular lunchbox, wave-embossed ridged lid surface, circular stainless steel vent/seal inset on top with daisy flower valve, brown side snap-latch clips","Cream/beige matte plastic rectangular lunchbox, smooth flat lid surface, circular stainless steel vent/seal inset on top with daisy flower valve, brown side snap-latch clips"
lunchbox_076,Lunchboxes,train,lost_lunchbox_76.png,found_lunchbox_76.png,"Hot pink translucent plastic rectangular lunchbox, smooth flexible lid, oval Sunnyware ""Sunny Lunch Box"" branded sticker centered on lid, no clips, slightly rounded corners","Hot pink translucent plastic rectangular lunchbox, smooth flexible lid, oval Sunnyware ""Sunny Lunch Box"" branded sticker centered on lid, no clips, sharp square corners"
lunchbox_077,Lunchboxes,train,lost_lunchbox_77.png,found_lunchbox_77.png,"Brushed stainless steel rectangular lunchbox, flat stainless steel lid, two silver wire bail-latch closures on both short sides, rounded corners, no branding","Brushed stainless steel rectangular lunchbox, flat stainless steel lid, two silver wire bail-latch closures on both short sides, sharp square corners, no branding"
lunchbox_078,Lunchboxes,train,lost_lunchbox_78.png,found_lunchbox_78.png,"White and navy blue square plastic lunchbox, clear frosted lid, large navy U-shaped carry handle centered on top, four navy side-locking clips, small round navy steam vent on lid, ""Fashion"" embossed on handle","White and navy blue square plastic lunchbox, clear frosted lid, large navy U-shaped carry handle centered on top, two navy side-locking clips, small round navy steam vent on lid, ""Fashion"" embossed on handle"
lunchbox_079,Lunchboxes,test,lost_lunchbox_79.png,found_lunchbox_79.png,"Steel blue matte plastic rectangular ""Bento box"" lunchbox, clear plastic windowed lid compartment housing a white spoon and fork set, recessed front latch tab, rounded corners","Steel blue matte plastic rectangular ""Bento box"" lunchbox, clear plastic windowed lid compartment housing a white spoon and fork set, recessed front latch tab, sharp square corners"
lunchbox_080,Lunchboxes,train,lost_lunchbox_80.png,found_lunchbox_80.png,"Square plastic lunchbox, frosted semi-transparent lid, pink oval pressure-release button centered on lid, two pink side-locking clips on left and right, two baby blue locking clips on top and bottom","Square plastic lunchbox, frosted semi-transparent lid, pink oval pressure-release button centered on lid, four pink side-locking clips on all sides"
lunchbox_081,Lunchboxes,test,lost_lunchbox_81.png,found_lunchbox_81.png,"Hot pink glossy plastic square Caperci lunchbox, smooth flat lid with ""caperci"" logo in light teal lettering, integrated pink top carry handle, teal side latch closure","Hot pink glossy plastic square Caperci lunchbox, smooth flat lid with ""caperci"" logo in light teal lettering, integrated pink top carry handle, pink side latch closure"
lunchbox_082,Lunchboxes,train,lost_lunchbox_82.png,found_lunchbox_82.png,"Mint blue and gray plastic rectangular lunchbox, oval black windowed cutlery compartment on lid with ""LUNCH BOX"" and ""CHAOZHENMEI"" text, round gray steam vent button beside it, four gray side-locking handle clips","Mint blue and gray plastic rectangular lunchbox, oval black windowed cutlery compartment on lid with ""LUNCH BOX"" and ""CHAOZHENMEI"" text, round gray steam vent button beside it, two gray side-locking handle clips"
lunchbox_083,Lunchboxes,test,lost_lunchbox_83.png,found_lunchbox_83.png,"Dark smoky translucent plastic rectangular lunchbox, large U-shaped carry handle integrated into lid, small round release button on upper lid, four taupe/mauve side-locking clips, rounded corners","Dark smoky translucent plastic rectangular lunchbox, large U-shaped carry handle integrated into lid, small round release button on upper lid, four taupe/mauve side-locking clips, sharp square corners"
lunchbox_084,Lunchboxes,val,lost_lunchbox_84.png,found_lunchbox_84.png,"Mint green plastic rectangular bento tray, no lid, three compartments — two smaller square wells on top, one wide elongated well on bottom, smooth glossy interior walls, rounded inner edges","Mint green plastic rectangular bento tray, no lid, two equal-sized compartments side by side, smooth glossy interior walls, rounded inner edges"
lunchbox_085,Lunchboxes,train,lost_lunchbox_85.png,found_lunchbox_85.png,"Lavender/lilac plastic rectangular lunchbox, white outer frame, clear plastic compartment divider visible inside, three sections — two small square wells on top and one wide well on bottom, white plastic spoon and fork set inside, two lilac side-locking clips","Lavender/lilac plastic rectangular lunchbox, white outer frame, clear plastic compartment divider visible inside, three sections — two small square wells on top and one wide well on bottom, white plastic spoon and fork set inside, four lilac side-locking clips"
lunchbox_086,Lunchboxes,train,lost_lunchbox_86.png,found_lunchbox_86.png,"White matte plastic rectangular lunchbox, smooth rounded-square lid, dark forest green hourglass-shaped vent button centered on lid, four dark forest green flat side-locking clips","White matte plastic rectangular lunchbox, smooth rounded-square lid, dark forest green hourglass-shaped vent button centered on lid, four dark forest green raised rail-style side-locking clips"
lunchbox_087,Lunchboxes,train,lost_lunchbox_87.png,found_lunchbox_87.png,"Rectangular stainless steel interior bento container, clear dark-tinted acrylic lid, two-compartment steel tray visible through lid, orange dial-style vacuum valve centered on divider bar","Rectangular stainless steel interior bento container, clear dark-tinted acrylic lid, two-compartment steel tray visible through lid, silver dial-style vacuum valve centered on divider bar"
lunchbox_088,Lunchboxes,train,lost_lunchbox_88.png,found_lunchbox_88.png,"Large polished stainless steel rectangular lunchbox, ribbed stainless steel lid with raised parallel ridges, wire bail-latch closures on both short sides, small white circular vent button on lid, dark rubber base band","Large polished stainless steel rectangular lunchbox, smooth flat stainless steel lid with no ridges, wire bail-latch closures on both short sides, small white circular vent button on lid, dark rubber base band"
lunchbox_089,Lunchboxes,test,lost_lunchbox_89.png,found_lunchbox_89.png,"Yellow plastic rounded-rectangular lunchbox, clear acrylic lid, duck face graphic printed on stainless steel interior with orange beak and pink cheeks, ""Keep a good mood / have a good day"" text on lid border, two-compartment steel tray, small yellow rectangular latch tab on lid","Yellow plastic rounded-rectangular lunchbox, clear acrylic lid, duck face graphic printed on stainless steel interior with orange beak and pink cheeks, ""Keep a good mood / have a good day"" text on lid border, single-compartment steel tray, small yellow rectangular latch tab on lid"
lunchbox_090,Lunchboxes,train,lost_lunchbox_90.png,found_lunchbox_90.png,"Pink wheat-straw plastic square bento tray, no lid, four equal square compartments in a 2×2 grid, slightly textured matte surface, rounded inner corners","Pink wheat-straw plastic square bento tray, no lid, three compartments — two square wells on top and one wide well on bottom, slightly textured matte surface, rounded inner corners"
lunchbox_091,Lunchboxes,train,lost_lunchbox_91.png,found_lunchbox_91.png,"Pink matte plastic rectangular lunchbox, smooth flat lid with ""Enjoy The Food"" text in white, small white circular vent button on lid, four teal/mint side-locking clips, rounded corners","Pink matte plastic rectangular lunchbox, smooth flat lid with ""Enjoy The Food"" text in white, small white circular vent button on lid, four teal/mint side-locking clips, sharp square corners"
lunchbox_092,Lunchboxes,train,lost_lunchbox_92.png,found_lunchbox_92.png,"Beige/blush matte plastic rectangular lunchbox, full clear acrylic hinged lid revealing two-compartment stainless steel interior and white spoon, four beige locking side clips, rounded corners","Beige/blush matte plastic rectangular lunchbox, full clear acrylic hinged lid revealing two-compartment stainless steel interior and white spoon, two beige locking side clips, rounded corners"
lunchbox_093,Lunchboxes,test,lost_lunchbox_93.png,found_lunchbox_93.png,"Teal/dark cyan cylindrical three-tier stackable lunchbox, Gourmet ""Health · Light Meal"" text on body, yellow horizontal accent bands between tiers, yellow U-shaped top carry handle, yellow side locking clips on each tier","Teal/dark cyan cylindrical three-tier stackable lunchbox, Gourmet ""Health · Light Meal"" text on body, yellow horizontal accent bands between tiers, yellow U-shaped top carry handle, white side locking clips on each tier"
lunchbox_094,Lunchboxes,train,lost_lunchbox_94.png,found_lunchbox_94.png,"White and pink rounded-rectangular plastic lunchbox, pink cloud-shaped recessed panel on lid with embossed 3D unicorn figure and white star details, ""nice day"" text with heart motif on lid, two pink side-locking clips","White and pink rounded-rectangular plastic lunchbox, smooth flat pink lid with no embossed details, ""nice day"" text with heart motif on lid, two pink side-locking clips"
lunchbox_095,Lunchboxes,train,lost_lunchbox_95.png,found_lunchbox_95.png,"Yellow plastic bee-shaped oval lunchbox, two small round ears/antennae on top, clear acrylic lid, stainless steel two-compartment interior with cute face graphic — smiley and pink spiral cheeks in upper section, brown horizontal stripes in lower section, ""WISH YOU HAVE A HAPPY DAY"" text along bottom, two white side-locking clips","Yellow plastic bee-shaped oval lunchbox, two small round ears/antennae on top, clear acrylic lid, stainless steel two-compartment interior with cute face graphic — smiley and pink spiral cheeks in upper section, brown horizontal stripes in lower section, ""WISH YOU HAVE A HAPPY DAY"" text along bottom, two yellow side-locking clips"
lunchbox_096,Lunchboxes,val,lost_lunchbox_96.png,found_lunchbox_96.png,"Salmon/peach pink plastic rectangular lunchbox, divided lid surface with three recessed panels on top and one wide elongated recessed panel on bottom, gray metal side-locking clips, rounded corners","Salmon/peach pink plastic rectangular lunchbox, smooth flat lid with no recessed panels, gray metal side-locking clips, rounded corners"
lunchbox_097,Lunchboxes,train,lost_lunchbox_97.png,found_lunchbox_97.png,"Lime green collapsible silicone rectangular lunchbox, frosted translucent plastic lid with small green circular vent button centered on top, gray plastic clip-lock rim with two slot latches on front edge","Lime green collapsible silicone rectangular lunchbox, frosted translucent plastic lid with small green circular vent button centered on top, black plastic clip-lock rim with two slot latches on front edge"
lunchbox_098,Lunchboxes,train,lost_lunchbox_98.png,found_lunchbox_98.png,"Navy blue and yellow plastic rounded-rectangular lunchbox, smoky dark translucent lid with ""LUNCH BOX delicious lunch wonderful life 1200 ml"" text printed in white, small black circular vent button on lid, yellow frame surround, yellow front handle bar, rounded corners","Navy blue and yellow plastic rounded-rectangular lunchbox, smoky dark translucent lid with ""LUNCH BOX delicious lunch wonderful life 1200 ml"" text printed in white, small black circular vent button on lid, yellow frame surround, yellow front handle bar, sharp square corners"
lunchbox_099,Lunchboxes,test,lost_lunchbox_99.png,found_lunchbox_99.png,"Small round clear plastic food container, smooth translucent lid with blue silicone seal ring, clear side-locking flip clips, no branding visible","Small round clear plastic food container, smooth translucent lid with red silicone seal ring, clear side-locking flip clips, no branding visible"
lunchbox_100,Lunchboxes,train,lost_lunchbox_100.png,found_lunchbox_100.png,"Brown/tan matte plastic rectangular lunchbox, embossed floral pattern on lid surface, single front-center hinged turnlock clasp, small colorful fruit product sticker on clasp face, rounded corners","Brown/tan matte plastic rectangular lunchbox, smooth flat lid with no embossed pattern, single front-center hinged turnlock clasp, small colorful fruit product sticker on clasp face, rounded corners"
wallet_001,Wallets,val,lost_wallet_01.png,found_wallet_01.png,"Dark brown Coach New York small bifold wallet, coated canvas with signature ""C"" monogram pattern, gold-tone branding, gold zipper along the top edge","Dark brown Coach New York small bifold wallet, coated canvas with signature ""C"" monogram pattern, gold-tone branding, magnetic snap closure instead of a zipper"
wallet_002,Wallets,val,lost_wallet_02.jpg,found_wallet_02.jpg,"Chestnut brown smooth pebbled leather bifold wallet, natural creasing across the face, tan contrast topstitching along all edges, small embossed oval brand badge on the lower right corner","Chestnut brown smooth pebbled leather bifold wallet, natural creasing across the face, matching tone-on-tone stitching along all edges, small embossed oval brand badge on the lower right corner"
wallet_003,Wallets,test,lost_wallet_03.jpg,found_wallet_03.jpg,"Burgundy oxblood Cartier bifold wallet, cross-hatched saffiano leather, embossed oval double-C logo centered on the front, gold-tone metal corner protectors on the right-side corners","Burgundy oxblood Cartier bifold wallet, cross-hatched saffiano leather, embossed oval double-C logo centered on the front, silver-tone metal corner protectors on the right-side corners"
wallet_004,Wallets,val,lost_wallet_04.jpg,found_wallet_04.jpg,"Rose pink Stradivarius small zip-around wallet, all-over fine glitter shimmer fabric, silver ""STRADIVARIUS"" logo plate on the front, silver zipper closure along three edges","Rose pink Stradivarius small zip-around wallet, smooth matte faux-leather finish, silver ""STRADIVARIUS"" logo plate on the front, silver zipper closure along three edges"
wallet_005,Wallets,train,lost_wallet_05.jpg,found_wallet_05.jpg,"Black intrecciato woven leather bifold wallet, large-scale diagonal basket-weave pattern covering the entire front face, no visible exterior hardware or logo, sharp square corners","Black intrecciato woven leather bifold wallet, fine small-scale diagonal basket-weave pattern covering the entire front face, no visible exterior hardware or logo, sharp square corners"
wallet_006,Wallets,val,lost_wallet_06.jpg,found_wallet_06.jpg,"Black distressed leather compact snap-flap wallet, heavily worn and cracked texture throughout, single round gold-tone snap button centered on the curved flap, visible hand-stitching along the bottom seam","Black distressed leather compact snap-flap wallet, heavily worn and cracked texture throughout, single round gold-tone snap button centered on the curved flap, machine-stitched edge piping along the bottom seam"
wallet_007,Wallets,train,lost_wallet_07.jpg,found_wallet_07.jpg,"Ice blue Charles & Keith small tri-fold wallet, pebbled faux leather, gold brand lettering on the diagonal envelope-style front flap, tone-on-tone stitching outlining the flap edges","Ice blue Charles & Keith small tri-fold wallet, smooth patent faux leather, gold brand lettering on the diagonal envelope-style front flap, tone-on-tone stitching outlining the flap edges"
wallet_008,Wallets,val,lost_wallet_08.jpg,found_wallet_08.jpg,"Tan cognac hand-tooled leather bifold wallet, deep western floral and swirl carved relief design covering the entire front face, black whip-stitch lacing along all four edges","Tan cognac hand-tooled leather bifold wallet, deep western floral and swirl carved relief design covering the entire front face, natural tan lace whip-stitching along all four edges"
wallet_009,Wallets,train,lost_wallet_09.jpg,found_wallet_09.jpg,"Slate blue pebbled faux leather zip-around long wallet, rectangular clutch shape, gold Singapore Merlion logo plate centered on the front, gold zipper closure, attached wrist strap with gold hardware","Slate blue pebbled faux leather zip-around long wallet, rectangular clutch shape, gold Singapore Merlion logo plate centered on the front, silver zipper closure, attached wrist strap with silver hardware"
wallet_010,Wallets,test,lost_wallet_10.jpg,found_wallet_10.jpg,"Black Goyard Paris bifold wallet, all-over black and white Goyardine chevron coated canvas, ""Goyard Paris"" script printed on the front face, no exterior metal hardware, sharp square corners","Black Goyard Paris bifold wallet, all-over black and white Goyardine chevron coated canvas, ""Goyard Paris"" script printed on the front face, no exterior metal hardware, softly rounded corners"
wallet_011,Wallets,train,lost_wallet_11.jpg,found_wallet_11.jpg,"Navy dark blue CLN long clutch wallet, smooth satin-finish fabric exterior, gold ""CLN"" metal lettering centered on the front face, gold-tone zipper hardware","Navy dark blue CLN long clutch wallet, smooth satin-finish fabric exterior, gold ""CLN"" metal lettering centered on the front face, silver-tone zipper hardware"
wallet_012,Wallets,val,lost_wallet_12.jpg,found_wallet_12.jpg,"CLN long bifold wallet, charcoal grey CLN monogram jacquard canvas body, black leather trim and border framing, gold flower clover turnlock snap clasp centered on the black leather tab flap","CLN long bifold wallet, charcoal grey CLN monogram jacquard canvas body, black leather trim and border framing, gold flower clover magnetic snap clasp centered on the black leather tab flap"
wallet_013,Wallets,train,lost_wallet_13.jpg,found_wallet_13.jpg,"Dark brown Coach long zip-around wallet, all-over signature ""C"" monogram coated canvas, gold ""COACH"" metal logo plate on the lower front, gold zipper along the top","Dark brown Coach long zip-around wallet, all-over signature ""C"" monogram coated canvas, gold ""COACH"" metal logo plate on the lower front, gold zipper running along all three edges"
wallet_014,Wallets,train,lost_wallet_14.jpg,found_wallet_14.jpg,"Navy dark blue Lacoste bifold wallet, smooth matte leather exterior, small silver metal crocodile logo emblem on the lower right corner, no other exterior hardware or stitching detail","Navy dark blue Lacoste bifold wallet, pebbled leather exterior, small silver metal crocodile logo emblem on the lower right corner, no other exterior hardware or stitching detail"
wallet_015,Wallets,train,lost_wallet_15.jpg,found_wallet_15.jpg,"Black pebbled leather Marc Jacobs New York mini trifold wallet, large oversized gold double-J metal clasp hardware centered on the front, gold brand lettering stamped along the bottom edge, gold O-ring key loop attached on the left","Black pebbled leather Marc Jacobs New York mini trifold wallet, large oversized gold double-J metal clasp hardware centered on the front, gold brand lettering stamped along the bottom edge, silver carabiner clip attached on the left"
wallet_016,Wallets,test,lost_wallet_16.jpg,found_wallet_16.jpg,"Tan cognac Victoria's Secret small zip coin card wallet, V-shaped chevron quilted stitching pattern across the front face, VS monogram logo charm centered on the front, zipper along the top edge, attached keyring loop with chain","Tan cognac Victoria's Secret small zip coin card wallet, diamond grid quilted stitching pattern across the front face, VS monogram logo charm centered on the front, zipper along the top edge, attached keyring loop with chain"
wallet_017,Wallets,train,lost_wallet_17.jpg,found_wallet_17.jpg,"Black Prada Milano saffiano leather small bifold card wallet, fine cross-hatch texture across the entire surface, silver-tone triangular Prada metal logo plate centered on the front, no exterior zipper or additional hardware","Black Prada Milano saffiano leather small bifold card wallet, fine cross-hatch texture across the entire surface, gold-tone triangular Prada metal logo plate centered on the front, no exterior zipper or additional hardware"
wallet_018,Wallets,train,lost_wallet_18.jpg,found_wallet_18.jpg,"CLN dome-shaped mini coin purse, cream ivory CLN monogram jacquard canvas upper body, tan camel smooth leather base panel, silver zipper along the curved dome top edge","CLN dome-shaped mini coin purse, cream ivory CLN monogram jacquard canvas upper body, tan camel smooth leather base panel, gold zipper along the curved dome top edge"
wallet_019,Wallets,train,lost_wallet_19.jpg,found_wallet_19.jpg,"Coach wristlet clutch pouch, all-over large-scale CH monogram pattern in brown and white on dark coated canvas, gold zipper along the top edge, black leather wrist strap with gold hardware","Coach wristlet clutch pouch, all-over large-scale CH monogram pattern in brown and white on dark coated canvas, silver zipper along the top edge, black leather wrist strap with silver hardware"
wallet_020,Wallets,train,lost_wallet_20.jpg,found_wallet_20.jpg,"Goyard Paris black key holder wallet, black and white Goyardine chevron coated canvas lower body, smooth black leather upper flap panel, single round silver-tone snap button closure centered on the flap","Goyard Paris black key holder wallet, black and white Goyardine chevron coated canvas lower body, smooth black leather upper flap panel, single round gold-tone snap button closure centered on the flap"
wallet_021,Wallets,val,lost_wallet_21.jpg,found_wallet_21.jpg,"Louis Vuitton long bifold wallet, Damier Graphite dark charcoal grey checkered coated canvas pattern across the entire surface, no exterior logo plate or zipper, softly rounded corners","Louis Vuitton long bifold wallet, Damier Graphite dark charcoal grey checkered coated canvas pattern across the entire surface, no exterior logo plate or zipper, sharp square corners"
wallet_022,Wallets,train,lost_wallet_22.jpg,found_wallet_22.jpg,"Prada Milano nude blush zip-around compact wallet, fine horizontal wave-ridged Vitello Move leather texture, gold ""PRADA MILANO"" lettered logo plate on the upper front, gold zipper closure","Prada Milano nude blush zip-around compact wallet, smooth untextured leather exterior, gold ""PRADA MILANO"" lettered logo plate on the upper front, gold zipper closure"
wallet_023,Wallets,train,lost_wallet_23.jpg,found_wallet_23.jpg,"Charcoal dark grey Coach New York compact bifold wallet, all-over tone-on-tone signature ""C"" monogram coated canvas, gold ""COACH NEW YORK"" metal logo lettering on the lower front face, square proportions","Charcoal dark grey Coach New York compact bifold wallet, all-over tone-on-tone signature ""C"" monogram coated canvas, gold ""COACH NEW YORK"" metal logo lettering on the lower front face, rectangular landscape proportions"
wallet_024,Wallets,train,lost_wallet_24.jpg,found_wallet_24.jpg,"Charcoal black Coach compact bifold wallet, all-over dark tone-on-tone signature ""C"" monogram coated canvas, no visible exterior logo plate, compact square bifold shape with clean unembellished front face","Charcoal black Coach compact bifold wallet, all-over dark tone-on-tone signature ""C"" monogram coated canvas, no visible exterior logo plate, slim rectangular bifold shape with clean unembellished front face"
wallet_025,Wallets,train,lost_wallet_25.jpg,found_wallet_25.jpg,"Tan/camel smooth faux-leather compact trifold wallet, flap closure with a V-shaped rose gold metal bar clasp, visible contrast stitching along edges","Tan/camel smooth faux-leather compact trifold wallet, flap closure with a V-shaped silver metal bar clasp, visible contrast stitching along edges"
wallet_026,Wallets,train,lost_wallet_26.jpg,found_wallet_26.jpg,"Timberland PRO tan nubuck leather bifold wallet, debossed logo on front panel, contrast white topstitching along all edges","Timberland PRO tan nubuck leather bifold wallet, debossed logo on front panel, single-needle edge stitching along all edges"
wallet_027,Wallets,train,lost_wallet_27.jpg,found_wallet_27.jpg,"Black TUMI long continental wallet, fine crosshatch ballistic nylon exterior, thin rectangular profile with smooth black leather trim edges","Black TUMI long continental wallet, smooth saffiano leather exterior, thin rectangular profile with smooth black leather trim edges"
wallet_028,Wallets,val,lost_wallet_28.jpg,found_wallet_28.jpg,"Black pebbled faux-leather compact bifold card wallet, no visible hardware or logo, rounded corners","Black smooth patent-leather compact bifold card wallet, no visible hardware or logo, rounded corners"
wallet_029,Wallets,train,lost_wallet_29.jpg,found_wallet_29.jpg,"Burgundy/oxblood pebbled leather ARNO large clutch wallet, center leather tab strap with gold pushlock clasp, zipper closure along three edges, thin wrist strap","Burgundy/oxblood pebbled leather ARNO large clutch wallet, center leather tab strap with silver magnetic snap clasp, zipper closure along three edges, thin wrist strap"
wallet_030,Wallets,train,lost_wallet_30.jpg,found_wallet_30.jpg,"Black CLN compact zip-around wallet, all-over tone-on-tone embossed monogram pattern, small flap tab with silver flower turnlock closure on front","Black CLN compact zip-around wallet, all-over tone-on-tone embossed monogram pattern, small flap tab with gold flower turnlock closure on front"
wallet_031,Wallets,train,lost_wallet_31.jpg,found_wallet_31.jpg,"Black Steve Madden wristlet wallet, all-over embossed ""STEVE MADDEN"" text logomania pattern, envelope flap closure with matte black SM logo plate, thin flat wrist strap","Black Steve Madden wristlet wallet, all-over embossed ""STEVE MADDEN"" text logomania pattern, envelope flap closure with matte black SM logo plate, thick braided wrist strap"
wallet_032,Wallets,train,lost_wallet_32.jpg,found_wallet_32.jpg,"Rose-taupe Furla long zip-around wallet, saffiano leather texture, centered rectangular silver ""FURLA"" nameplate, single zipper running along three edges","Rose-taupe Furla long zip-around wallet, smooth nappa leather texture, centered rectangular silver ""FURLA"" nameplate, single zipper running along three edges"
wallet_033,Wallets,test,lost_wallet_33.jpg,found_wallet_33.jpg,"Pink Guess compact zip-around wallet, quilted diamond-stitched faux leather, silver triangle ""GUESS"" logo plate centered on front flap","Pink Guess compact zip-around wallet, smooth non-quilted faux leather, silver triangle ""GUESS"" logo plate centered on front flap"
wallet_034,Wallets,train,lost_wallet_34.jpg,found_wallet_34.jpg,"Beige/nude Guess compact zip-around wallet, quilted diamond-stitched faux leather, silver triangle ""GUESS"" logo plate centered on front flap","Beige/nude Guess compact zip-around wallet, quilted diamond-stitched faux leather, gold triangle ""GUESS"" logo plate centered on front flap"
wallet_035,Wallets,train,lost_wallet_35.jpg,found_wallet_35.jpg,"Tan ""Lim&co Classic fashion"" long foldover clutch wallet, heavily distressed pebbled faux leather, plain flap closure with no hardware, thin wrist strap","Tan ""Lim&co Classic fashion"" long foldover clutch wallet, heavily distressed pebbled faux leather, magnetic snap flap closure, thin wrist strap"
wallet_036,Wallets,val,lost_wallet_36.jpg,found_wallet_36.jpg,"Red kate spade new york long bifold wallet, saffiano crosshatch leather, slim profile with no exterior hardware, gold foil brand text on lower-right corner","Red kate spade new york long bifold wallet, saffiano crosshatch leather, slim profile with no exterior hardware, silver foil brand text on lower-right corner"
wallet_037,Wallets,train,lost_wallet_37.jpg,found_wallet_37.jpg,"Tan Tommy Hilfiger bifold wallet, smooth full-grain leather, debossed ""TOMMY / HILFIGER"" text panel with centered tricolor flag logo patch","Tan Tommy Hilfiger bifold wallet, pebbled full-grain leather, debossed ""TOMMY / HILFIGER"" text panel with centered tricolor flag logo patch"
wallet_038,Wallets,train,lost_wallet_38.jpg,found_wallet_38.jpg,"Coach compact snap bifold wallet, khaki/tan signature ""C"" monogram coated canvas exterior, brown leather trim along edges, rose gold Coach logo hardware on front","Coach compact snap bifold wallet, khaki/tan signature ""C"" monogram coated canvas exterior, black leather trim along edges, rose gold Coach logo hardware on front"
wallet_039,Wallets,train,lost_wallet_39.jpg,found_wallet_39.jpg,"Dark forest green Louis Vuitton pocket organizer, taiga leather with fine crosshatch texture, slim bifold profile, no visible exterior hardware","Dark forest green Louis Vuitton pocket organizer, smooth Épi leather texture, slim bifold profile, no visible exterior hardware"
wallet_040,Wallets,train,lost_wallet_40.jpg,found_wallet_40.jpg,"Sage green Charles & Keith long slim wallet, pebbled faux leather, white contrast topstitching along all edges, rose gold square corner metal caps","Sage green Charles & Keith long slim wallet, pebbled faux leather, white contrast topstitching along all edges, silver square corner metal caps"
wallet_041,Wallets,train,lost_wallet_41.jpg,found_wallet_41.jpg,"Black kate spade New York large slim card holder/pouch, saffiano crosshatch leather, gold ""kate spade NEW YORK"" logo text on front, top zipper closure with gold hardware","Black kate spade New York large slim card holder/pouch, smooth nappa leather, gold ""kate spade NEW YORK"" logo text on front, top zipper closure with gold hardware"
wallet_042,Wallets,train,lost_wallet_42.jpg,found_wallet_42.jpg,"Black Charles & Keith compact trifold wallet, saffiano-textured faux leather, large blue and white floral embroidery patch covering the front, black bar-style turnlock clasp with engraved brand name","Black Charles & Keith compact trifold wallet, saffiano-textured faux leather, large blue and white floral embroidery patch covering the front, silver pushlock clasp with engraved brand name"
wallet_043,Wallets,train,lost_wallet_43.jpg,found_wallet_43.jpg,"Blush pink compact bifold wallet, all-over tone-on-tone embossed floral and swirl pattern on faux leather, no visible hardware or brand markings, plain snap closure","Blush pink compact bifold wallet, smooth non-embossed faux leather, no visible hardware or brand markings, plain snap closure"
wallet_044,Wallets,train,lost_wallet_44.jpg,found_wallet_44.jpg,"White/cream Damier Azur checkered coated canvas long flap wallet-on-chain, gold-tone chain strap, single gold dome stud closure on envelope flap","White/cream Damier Azur checkered coated canvas long flap wallet-on-chain, silver-tone chain strap, single gold dome stud closure on envelope flap"
wallet_045,Wallets,test,lost_wallet_45.jpg,found_wallet_45.jpg,"Bottega Veneta bi-color compact card wallet, white smooth leather frame border, taupe/grey intrecciato woven leather center panel, debossed ""BOTTEGA VENETA"" text on lower front","Bottega Veneta bi-color compact card wallet, white smooth leather frame border, taupe/grey intrecciato woven leather center panel, embossed logo text printed in gold foil on lower front"
wallet_046,Wallets,train,lost_wallet_46.jpg,found_wallet_46.jpg,"Black Juicy Couture compact card wallet, glossy faux leather with all-over tone-on-tone embossed logo text, silver heart-shaped snap closure on front flap, silver chain charm and heart keyring attachment","Black Juicy Couture compact card wallet, glossy faux leather with all-over tone-on-tone embossed logo text, silver heart-shaped snap closure on front flap, gold chain charm and heart keyring attachment"
wallet_047,Wallets,val,lost_wallet_47.jpg,found_wallet_47.jpg,"Navy/black and tan Goyard Saint-Sulpice bifold wallet, Goyardine coated canvas with signature chevron pattern, ""E.GOYARD HONORÉ PARIS"" text printed on front, no exterior hardware","Navy/black and tan Goyard Saint-Sulpice bifold wallet, smooth plain leather exterior, ""E.GOYARD HONORÉ PARIS"" text printed on front, no exterior hardware"
wallet_048,Wallets,train,lost_wallet_48.jpg,found_wallet_48.jpg,"Blush pink Anne Klein long wallet-on-chain, beige/cream ""AK"" monogram coated canvas body, pink leather trim and flap border, round gold ""AK"" logo turnlock on flap, gold-tone chain strap","Blush pink Anne Klein long wallet-on-chain, beige/cream ""AK"" monogram coated canvas body, pink leather trim and flap border, round gold ""AK"" logo turnlock on flap, silver-tone chain strap"
wallet_049,Wallets,train,lost_wallet_49.jpg,found_wallet_49.jpg,"Navy/black Tommy Hilfiger compact trifold wallet, woven jacquard ""TH"" monogram canvas in navy, white, and red, black leather trim along edges, round silver engraved turnlock snap closure","Navy/black Tommy Hilfiger compact trifold wallet, woven jacquard ""TH"" monogram canvas in navy, white, and red, black leather trim along edges, round gold engraved turnlock snap closure"
wallet_050,Wallets,train,lost_wallet_50.jpg,found_wallet_50.jpg,"Black Fossil medium zip-around wallet, pebbled genuine leather, full perimeter zipper with antique gold-tone pull, small rectangular ""FOSSIL"" branded tab on side","Black Fossil medium zip-around wallet, smooth genuine leather, full perimeter zipper with antique gold-tone pull, small rectangular ""FOSSIL"" branded tab on side"
wallet_051,Wallets,train,lost_wallet_51.jpg,found_wallet_51.jpg,"Black/dark grey and tan Goyard card holder, Goyardine coated canvas with signature chevron pattern, tan smooth leather upper card panel, slim flat profile with zip side closure","Black/dark grey and tan Goyard card holder, smooth plain leather body, tan smooth leather upper card panel, slim flat profile with zip side closure"
wallet_052,Wallets,val,lost_wallet_52.jpg,found_wallet_52.jpg,"Black fabric flat zip coin pouch, multicolor neon cross-stitch embroidery pattern in orange, pink, green, and yellow on black textile ground, top zipper closure with black zipper pull","Black fabric flat zip coin pouch, multicolor neon cross-stitch embroidery pattern in orange, pink, green, and yellow on black textile ground, top zipper closure with gold metallic zipper pull"
wallet_053,Wallets,test,lost_wallet_53.jpg,found_wallet_53.jpg,"Black fabric flat zip coin pouch, multicolor neon cross-stitch embroidery in orange, pink, yellow, and green on black textile ground, ""PALAWAN"" text embroidered in white on front, top zipper closure with black zipper pull","Black fabric flat zip coin pouch, multicolor neon cross-stitch embroidery in orange, pink, yellow, and green on black textile ground, ""PALAWAN"" text embroidered in yellow on front, top zipper closure with black zipper pull"
wallet_054,Wallets,train,lost_wallet_54.jpg,found_wallet_54.jpg,"Dusty mauve/taupe Anna Sui compact clasp wallet, distressed faux leather with floral cutout appliqué panels at lower corners with small stud accents, silver ""ANNASUI"" nameplate on front, kiss-lock frame closure at top","Dusty mauve/taupe Anna Sui compact clasp wallet, distressed faux leather with floral cutout appliqué panels at lower corners with small stud accents, gold ""ANNASUI"" nameplate on front, kiss-lock frame closure at top"
wallet_055,Wallets,train,lost_wallet_55.jpg,found_wallet_55.jpg,"Brown/dark brown Coach medium bifold wallet, signature ""C"" monogram coated canvas body, black leather trim along all edges, no visible exterior logo hardware on front","Brown/dark brown Coach medium bifold wallet, signature ""C"" monogram coated canvas body, tan leather trim along all edges, no visible exterior logo hardware on front"
wallet_056,Wallets,train,lost_wallet_56.jpg,found_wallet_56.jpg,"Grey Herschel Supply Co. compact zip wallet, pebbled vegan leather, tone-on-tone debossed Herschel logo badge on lower front, L-shaped zipper closure","Grey Herschel Supply Co. compact zip wallet, smooth non-pebbled vegan leather, tone-on-tone debossed Herschel logo badge on lower front, L-shaped zipper closure"
wallet_057,Wallets,train,lost_wallet_57.jpg,found_wallet_57.jpg,"White/cream Michael Kors small trifold wallet, MK monogram coated canvas body, white smooth leather center tab strap, round gold ""MK"" logo turnlock closure","White/cream Michael Kors small trifold wallet, white smooth leather body, white smooth leather center tab strap, round gold ""MK"" logo turnlock closure"
wallet_058,Wallets,train,lost_wallet_58.jpg,found_wallet_58.jpg,"Cream/off-white kate spade New York long zip wallet, saffiano crosshatch leather, gold ""kate spade NEW YORK"" text with spade logo on front, full perimeter zipper with gold hardware","Cream/off-white kate spade New York long zip wallet, smooth non-textured leather, gold ""kate spade NEW YORK"" text with spade logo on front, full perimeter zipper with gold hardware"
wallet_059,Wallets,train,lost_wallet_59.jpg,found_wallet_59.jpg,"Black Saint Laurent compact envelope wallet, pebbled caviar leather, diagonal chevron quilting on front flap, large gold YSL monogram logo hardware centered on flap","Black Saint Laurent compact envelope wallet, pebbled caviar leather, diagonal chevron quilting on front flap, large silver YSL monogram logo hardware centered on flap"
wallet_060,Wallets,val,lost_wallet_60.jpg,found_wallet_60.jpg,"Black Chanel wallet-on-chain, pebbled caviar leather, diamond quilting across entire body, silver CC turnlock clasp centered on front flap, silver chain strap","Black Chanel wallet-on-chain, smooth lambskin leather, diamond quilting across entire body, silver CC turnlock clasp centered on front flap, silver chain strap"
wallet_061,Wallets,train,lost_wallet_61.png,found_wallet_61.png,"Lavender smooth leather bifold wallet, bow-shaped metal charm hardware centered on front face.","Mint green smooth leather bifold wallet, bow-shaped metal charm hardware centered on front face."
wallet_062,Wallets,train,lost_wallet_62.png,found_wallet_62.png,"Pink smooth PU leather bifold wallet, corset-style crisscross lace-up front with ribbon bow tie and metal eyelets.","Pink smooth PU leather bifold wallet, single front zip closure with ribbon bow tie and metal hardware."
wallet_063,Wallets,train,lost_wallet_63.png,found_wallet_63.png,"Cream pebbled PU leather bifold wallet, allover red heart print, center snap tab with silver heart-shaped turnlock clasp.","Cream pebbled PU leather bifold wallet, allover red heart print, center snap tab with gold zipper closure."
wallet_064,Wallets,val,lost_wallet_64.png,found_wallet_64.png,"Gray denim bifold wallet, multicolor dachshund-in-red-beret embroidery on front, red cord loop attachment at corner.","Black canvas bifold wallet, multicolor dachshund-in-red-beret embroidery on front, red cord loop attachment at corner."
wallet_065,Wallets,train,lost_wallet_65.png,found_wallet_65.png,"Pink My Melody character bifold wallet, blue quilted bow appliqué on top flap, oval white snout face embroidered on front.","Pink My Melody character zip-around wallet, blue quilted bow appliqué on top, oval white snout face embroidered on front."
wallet_066,Wallets,train,lost_wallet_66.png,found_wallet_66.png,"Light pink smooth PU leather bifold wallet, allover pink cute-cat illustration print, pink tab strap with center snap button closure.","Light pink pebbled PU leather bifold wallet, allover pink cute-cat illustration print, pink tab strap with center snap button closure."
wallet_067,Wallets,train,lost_wallet_67.png,found_wallet_67.png,"White Snoopy Peanuts allover-character-print bifold wallet, tan Snoopy face shaped patch as front flap closure, corner zipper pull.","White Snoopy Peanuts allover-character-print bifold wallet, tan Snoopy face shaped patch as front flap closure, magnetic snap closure."
wallet_068,Wallets,test,lost_wallet_68.png,found_wallet_68.png,"Cream linen square coin purse, printed cat with teal glasses and pink bow graphic, brown zipper tape trim, gold ring on side.","Cream linen tall rectangular coin purse, printed cat with teal glasses and pink bow graphic, brown zipper tape trim, gold ring on side."
wallet_069,Wallets,train,lost_wallet_69.png,found_wallet_69.png,"Blue denim Rilakkuma square coin purse, stuffed bear ears on top, embroidered oval-snout bear face, yellow brand tag on side, zipper closure.","Blue corduroy Rilakkuma square coin purse, stuffed bear ears on top, embroidered oval-snout bear face, yellow brand tag on side, zipper closure."
wallet_070,Wallets,train,lost_wallet_70.png,found_wallet_70.png,"Light pink smooth PU leather bifold wallet, three strawberry outlines on lower left, rubber strawberry charm on lower right corner, gold heart shaped clip locks.","Light pink smooth PU leather bifold wallet, three strawberry outlines on lower left, flat embroidered strawberry patch on lower right corner, gold heart shaped clip locks."
wallet_071,Wallets,test,lost_wallet_71.png,found_wallet_71.png,"Light blue VANWALK bifold wallet, cake and fork design patch on front, blue checkered panel on right side, decorative buttons on front.","Light blue VANWALK bifold wallet, cat and dog design patch on front, striped panel on right side, decorative buttons on front."
wallet_072,Wallets,train,lost_wallet_72.png,found_wallet_72.png,"Pale white smooth PU leather bifold wallet, allover white daisy print with orange centers and green leaves, center snap button tab closure.","Pale white smooth PU leather bifold wallet, allover white daisy print with orange centers and green leaves, side zipper closure."
wallet_073,Wallets,train,lost_wallet_73.png,found_wallet_73.png,"Navy blue canvas coin wallet, cute shiba inu dog face pattern, red paw prints, double snap button closure on front flap.","Navy blue canvas coin wallet, cute shiba inu dog face print, red paw prints, single center zipper closure."
wallet_074,Wallets,train,lost_wallet_74.png,found_wallet_74.png,"Pink Mikana quilted PU leather dome coin purse, diamond stitch pattern, gold logo plate centered on front, zipper closure.","Pink Mikana smooth PU leather dome coin purse, square stitch pattern, gold logo plate centered on front, zipper closure."
wallet_075,Wallets,test,lost_wallet_75.png,found_wallet_75.png,"Light blue watercolor wash smooth PU leather bifold wallet, gold Michaela name printed on lower front face.","Light blue solid smooth PU leather bifold wallet, gold Michaela name printed on lower front face."
wallet_076,Wallets,train,lost_wallet_76.png,found_wallet_76.png,"Black Charles & Keith textured PU leather bifold wallet, large blue floral patch covering front, black rectangular push lock closure.","Black Charles & Keith smooth PU leather bifold wallet, large blue floral patch covering front, black rectangular push lock closure."
wallet_077,Wallets,train,lost_wallet_77.png,found_wallet_77.png,"Pink checkered Pretty Guardian Sailor Moon trifold fabric wallet, blue trim edges, heart logo and text on front flap.","Pink solid Pretty Guardian Sailor Moon trifold fabric wallet, blue trim edges, heart logo and text on front flap."
wallet_078,Wallets,train,lost_wallet_78.png,found_wallet_78.png,"Pink polka dot PU leather bifold wallet, three teddy bears in pink curtain design on front, zipper closure with small bear charm.","Pink polka dot PU leather bifold wallet, three teddy bears in pink curtain design on front, snap button closure with small bear charm."
wallet_079,Wallets,test,lost_wallet_79.png,found_wallet_79.png,"Cream PU leather small square coin wallet, blue star patch and pink star patch on front, snap button tab closure, zipper at top.","Cream PU leather tall rectangular coin wallet, blue star patch and pink star patch on front, snap button tab closure, zipper at top."
wallet_080,Wallets,train,lost_wallet_80.png,found_wallet_80.png,"Red Vivienne Westwood glossy leather wallet, stamped design pattern on allover front, gold logo centered on front.","Black Vivienne Westwood glossy leather wallet, allover stamped design pattern allover front, gold logo centered on front."
wallet_081,Wallets,test,lost_wallet_81.png,found_wallet_81.png,"Pink PU leather Sakura bifold wallet, front magical star circle graphic print in pink and gold, SAKURA text at bottom.","Pink PU leather Sakura bifold wallet, front magical star circle graphic print in pink and gold, SAKURA text at bottom, zipper around closure."
wallet_082,Wallets,train,lost_wallet_82.png,found_wallet_82.png,"Cream PU leather bifold wallet, small pink floral print, fluffy cartoon bunny character with pink bow holding teddy bear on front flap.","Cream PU leather bifold wallet, small pink floral print, fluffy cartoon dog with pink bow character holding teddy bear on front flap"
wallet_083,Wallets,test,lost_wallet_83.png,found_wallet_83.png,"Pink smooth PU leather card wallet, gold heart shaped snap button centered on front tab closure, slim rectangular shape.","Pink smooth PU leather card wallet, silver heart shaped snap button centered on front tab closure, slim rectangular shape."
wallet_084,Wallets,val,lost_wallet_84.jpg,found_wallet_84.jpg,"Multicolor woven texture coin purse, tan leather heart shaped patch on front, tan leather trim around edges, zipper closure.","Multicolor woven texture coin purse, tan leather star shaped patch on front, tan leather trim around edges, zipper closure."
wallet_085,Wallets,train,lost_wallet_85.jpg,found_wallet_85.jpg,"Black fabric rectangular coin purse, round Seeingly brand logo patch on front, double zipper closure at top.","Black fabric square coin purse, round Seeingly brand logo patch on front, double zipper closure at top."
wallet_086,Wallets,train,lost_wallet_86.jpg,found_wallet_86.jpg,"White canvas coin purse, black ink drawn Totoro character print on front, dark brown zipper trim, metal ring on left side.","White canvas tall rectangular coin purse, black ink drawn Totoro character print on front, dark brown zipper trim, metal ring on left side."
wallet_087,Wallets,train,lost_wallet_87.jpg,found_wallet_87.jpg,"Tan Coach signature print bifold wallet, brown leather trim with white stitching, large silver buckle closure centered on front flap.","Tan Coach signature print bifold wallet, brown leather trim with white stitching, large gold turn lock closure centered on front flap."
wallet_088,Wallets,train,lost_wallet_88.jpg,found_wallet_88.jpg,"Gray woven crosshatch texture Herschel Supply Co. bifold wallet, white brand label patch on lower right corner.","Gray woven crosshatch texture Herschel Supply Co. bifold wallet, black brand label patch on lower right corner."
wallet_089,Wallets,test,lost_wallet_89.jpg,found_wallet_89.jpg,"Black smooth PU leather trifold wallet, gold cat face and paw print pattern, cute cat text on lower right corner.","Black pebbled PU leather trifold wallet, gold cat face and paw print pattern, cute cat text on lower right corner."
wallet_090,Wallets,train,lost_wallet_90.jpg,found_wallet_90.jpg,"White PU leather zip-around wallet, cute puppy and apple cartoon print covering front, gold zipper.","White PU leather zip-around wallet, cute puppy and apple cartoon print covering front, silver zipper."
wallet_091,Wallets,train,lost_wallet_91.jpg,found_wallet_91.jpg,"Blue denim Hello Kitty bifold wallet, stitched Hello Kitty face with tan leather bow on front, Hello Kitty text stitched at top.","Black denim Hello Kitty bifold wallet, stitched Hello Kitty face with tan leather bow on front, Hello Kitty text stitched at top."
wallet_092,Wallets,train,lost_wallet_92.jpg,found_wallet_92.jpg,"Multicolor woven fabric bifold wallet, tan leather trim around edges, center snap button tab closure, brown leather tassel zipper.","Multicolor woven fabric bifold wallet, tan leather trim around edges, center magnetic snap closure, brown leather tassel zipper."
wallet_093,Wallets,test,lost_wallet_93.jpg,found_wallet_93.jpg,"Green, pink and lavender smooth PU card holder wallet, pink heart shaped design centered on front panel, yellow flower charm on bead chain at corner.","Green, pink and lavender smooth PU card holder wallet, pink star shaped design centered on front panel, yellow flower charm on bead chain at corner."
wallet_094,Wallets,train,lost_wallet_94.jpg,found_wallet_94.jpg,"Light blue smooth PU leather bifold wallet, pink rubber heart shaped Candy Girls badge centered on front.","Light blue pebbled PU leather bifold wallet, pink rubber heart shaped Candy Girls badge centered on front."
wallet_095,Wallets,train,lost_wallet_95.jpg,found_wallet_95.jpg,"Light blue and pink Polly Pocket PU leather card holder, yellow oval Polly Pocket logo on light blue panel, pink border with small heart print, purple zipper pulls.","Light blue and pink Polly Pocket PU leather card holder, yellow oval Polly Pocket logo on light blue panel, pink border with small heart print, gold zipper pulls."
wallet_096,Wallets,val,lost_wallet_96.jpg,found_wallet_96.jpg,"Tan matte soft PU leather long bifold wallet, brand text on lower right, black trim along all edges, center snap tab closure.","Tan matte soft PU leather long bifold wallet, brand text on lower right, brown trim along all edges, center snap tab closure."
wallet_097,Wallets,train,lost_wallet_97.jpg,found_wallet_97.jpg,"Lavender blue PU leather bifold wallet, Cinnamoroll character shaped front flap, Cinnamoroll text and star designs on the top, ZGO Tidecolor text at bottom.","Lavender blue PU leather bifold wallet, plain tab front flap, Cinnamoroll text and star designs on the top, ZGO Tidecolor text at bottom."
wallet_098,Wallets,train,lost_wallet_98.jpg,found_wallet_98.jpg,"White PU leather bifold card wallet, brown sketch Mickey Mouse character and text print, tan leather center snap tab closure.","White canvas bifold card wallet, brown sketch Mickey Mouse character and text print, tan leather center snap tab closure."
wallet_099,Wallets,test,lost_wallet_99.jpg,found_wallet_99.jpg,"Light pink textured PU dome coin purse, floral branch and dark dot print, small M shaped logo centered on front, zipper closure.","Light pink textured PU square coin purse, floral branch and dark dot print, small M shaped logo centered on front, zipper closure."
wallet_100,Wallets,train,lost_wallet_100.jpg,found_wallet_100.jpg,"KKbag canvas coin purse, forest animals and mushroom print, tan leather KKbag label patch on front, double zipper closure, metal ring on side.","KKbag canvas coin purse, forest animals and mushroom print, tan leather KKbag label patch on front, single zipper closure, metal ring on side."
bag_001,Bags,train,lost_bag_01.jpg,found_bag_01.jpg,"Mint green Dolce & Gabbana satchel, pebbled leather texture, gold hardware rings on dual top handles, flap closure, detachable crossbody strap","Mint green Dolce & Gabbana satchel, smooth leather texture, gold hardware rings on dual top handles, flap closure, detachable crossbody strap"
bag_002,Bags,train,lost_bag_02.jpg,found_bag_02.jpg,"Tan caramel faux-leather messenger satchel, two front strap-and-buckle pockets with silver hardware, flap-over closure, adjustable flat shoulder strap","Tan caramel faux-leather messenger satchel, two front strap-and-buckle pockets with gold hardware, flap-over closure, adjustable flat shoulder strap"
bag_003,Bags,train,lost_bag_03.png,found_bag_03.png,"Warm brown faux-leather mini crossbody bag, gold heart-shaped turn-lock clasp on flap, chunky gold chain strap, short top handle","Warm brown faux-leather mini crossbody bag, silver heart-shaped turn-lock clasp on flap, chunky gold chain strap, short top handle"
bag_004,Bags,train,lost_bag_04.png,found_bag_04.png,"Purple intrecciato-woven leather bucket bag, drawstring closure with knotted ties, adjustable flat crossbody strap, silver hardware","Green intrecciato-woven leather bucket bag, drawstring closure with knotted ties, adjustable flat crossbody strap, silver hardware"
bag_005,Bags,train,lost_bag_05.png,found_bag_05.png,"Black Louis Vuitton Eclipse monogram mini soft trunk crossbody, all-black hardware, flap closure with pin-lock clasp, chunky chain strap","Black Louis Vuitton Eclipse monogram mini soft trunk crossbody, all-black hardware, flap closure with pin-lock clasp, flat leather strap"
bag_006,Bags,train,lost_bag_06.jpg,found_bag_06.jpg,"Black smooth leather Venice Leather crossbody, brass push-lock clasp on flap, visible topstitching along edges, adjustable shoulder strap","Black smooth leather Venice Leather crossbody, silver push-lock clasp on flap, visible topstitching along edges, adjustable shoulder strap"
bag_007,Bags,train,lost_bag_07.jpg,found_bag_07.jpg,"Hot pink and cream crochet patchwork tote, 9-square granny-square layout with heart motifs, red bow accent on center square, brown crocheted top handles","Hot pink and cream crochet patchwork tote, 9-square granny-square layout with heart motifs, no bow accent, brown crocheted top handles"
bag_008,Bags,train,lost_bag_08.jpg,found_bag_08.jpg,"Rust orange quilted faux-leather rectangular crossbody, chevron stitch pattern, gold zip closure on top, detachable red-and-white patterned wide strap","Rust orange quilted faux-leather rectangular crossbody, chevron stitch pattern, gold zip closure on top, detachable solid black wide strap"
bag_009,Bags,train,lost_bag_09.jpg,found_bag_09.jpg,"Deep red crocodile-embossed structured tote, glossy finish, dual top handles with gold hardware bar attachments, zip closure on top","Deep red crocodile-embossed structured tote, glossy finish, dual top handles with silver hardware bar attachments, zip closure on top"
bag_010,Bags,train,lost_bag_10.jpg,found_bag_10.jpg,"Blush pink chevron-quilted mini satchel, gold circular metal top handle, flap closure, gold side ring hardware for crossbody strap","Blush pink chevron-quilted mini satchel, silver circular metal top handle, flap closure, gold side ring hardware for crossbody strap"
bag_011,Bags,train,lost_bag_11.jpg,found_bag_11.jpg,"Deep red suede-textured rectangular shoulder bag, flap-over closure, smooth leather trim contrast, single flat adjustable shoulder strap","Deep red patent leather rectangular shoulder bag, flap-over closure, smooth leather trim contrast, single flat adjustable shoulder strap"
bag_012,Bags,train,lost_bag_12.jpg,found_bag_12.jpg,"Dark forest green pebbled leather duffle bag, tan leather trim and handles, gold zip pulls with monogram medallion, structured barrel shape","Dark forest green pebbled leather duffle bag, black leather trim and handles, gold zip pulls with monogram medallion, structured barrel shape"
bag_013,Bags,train,lost_bag_13.jpg,found_bag_13.jpg,"Red Tory Burch embossed monogram crossbody, large gold TB medallion on flap, black leather base trim, adjustable black shoulder strap","Red Tory Burch embossed monogram crossbody, large gold TB medallion on flap, brown leather base trim, adjustable black shoulder strap"
bag_014,Bags,train,lost_bag_14.jpg,found_bag_14.jpg,"Silver holographic iridescent Adidas mini backpack, black trefoil logo on front pocket, front zip pocket, black nylon shoulder straps","Silver holographic iridescent Adidas mini backpack, white trefoil logo on front pocket, front zip pocket, black nylon shoulder straps"
bag_015,Bags,train,lost_bag_15.jpg,found_bag_15.jpg,"Black pebbled leather Kate Spade bucket bag, gold spade turn-lock clasp with leather tassel, open top with tan interior lining, adjustable flat crossbody strap","Black pebbled leather Kate Spade bucket bag, silver spade turn-lock clasp with leather tassel, open top with tan interior lining, adjustable flat crossbody strap"
bag_016,Bags,train,lost_bag_16.jpg,found_bag_16.jpg,"All-black matte nylon minimalist backpack, front flat pocket with black zip, clean boxy rectangular silhouette, no visible branding or logo in either image","All-black matte nylon minimalist backpack, front flat pocket with black zip, clean boxy rectangular silhouette, small side zip pocket on left panel"
bag_017,Bags,train,lost_bag_17.jpg,found_bag_17.jpg,"Light pink smooth leather Coach Chelsea shoulder bag, silver logo hardware on front, crescent-shaped silhouette, silver zip closure and ring hardware","Light pink smooth leather Coach Chelsea shoulder bag, gold logo hardware on front, crescent-shaped silhouette, silver zip closure and ring hardware"
bag_018,Bags,train,lost_bag_18.jpg,found_bag_18.jpg,"Cream and grey G-cube monogram canvas hobo bag, open crescent shape, off-white padded shoulder strap, no visible metal hardware","Cream and grey G-cube monogram canvas hobo bag, open crescent shape, off-white padded shoulder strap, gold logo plate on front"
bag_019,Bags,train,lost_bag_19.jpg,found_bag_19.jpg,"Black smooth faux-leather mini tote, center tab flap with silver snap button, short top handle, detachable black-and-white striped wide crossbody strap","Black smooth faux-leather mini tote, center tab flap with silver snap button, short top handle, detachable solid black wide crossbody strap"
bag_020,Bags,train,lost_bag_20.jpg,found_bag_20.jpg,"Beige teddy faux-fur oversized tote, patchwork quilted panel sections, dual fluffy top handles, no visible branding in either image","Beige teddy faux-fur oversized tote, single fluffy top handle, patchwork quilted panel sections, no visible branding"
bag_021,Bags,train,lost_bag_21.jpg,found_bag_21.jpg,"Silver glitter mesh evening clutch, rhinestone-encrusted trim along flap edge, twisted crystal top handle, detachable thin silver chain strap","Silver glitter mesh evening clutch, rhinestone-encrusted trim along flap edge, plain smooth top handle, detachable thin silver chain strap"
bag_022,Bags,train,lost_bag_22.jpg,found_bag_22.jpg,"Olive green quilted leather flap bag, diamond-stitch pattern, gold chain-and-leather interwoven shoulder strap, embossed circular logo on flap","Olive green quilted leather flap bag, diamond-stitch pattern, silver chain-and-leather interwoven shoulder strap, embossed circular logo on flap"
bag_023,Bags,train,lost_bag_23.jpg,found_bag_23.jpg,"Mint green Smiggle kids backpack, unicorn-and-rainbow all-over print, purple zip pulls, silver glitter front pocket, mint teal shoulder straps","Mint green Smiggle kids backpack, unicorn-and-rainbow all-over print, blue zip pulls, silver glitter front pocket, mint teal shoulder straps"
bag_024,Bags,train,lost_bag_24.jpg,found_bag_24.jpg,"White patent leather Lady Dior mini bag, cannage quilted stitching, gold CD charm and ring hardware, structured rectangular silhouette with single top handle","White patent leather Lady Dior mini bag, cannage quilted stitching, silver CD charm and ring hardware, structured rectangular silhouette with single top handle"
bag_025,Bags,train,lost_bag_25.jpg,found_bag_25.jpg,"Cream and brown two-tone faux-leather mini satchel, diamond-embossed cream flap, dual brown strap-and-snap closures with gold hardware, short top handle","Cream and brown two-tone faux-leather mini satchel, diamond-embossed cream flap, dual brown strap-and-snap closures with silver hardware, short top handle"
bag_026,Bags,train,lost_bag_26.jpg,found_bag_26.jpg,"Off-white smooth faux-leather structured satchel, diamond lattice body with repeating four-petal floral medallion print, silver turnlock twist-clasp front closure, dual short top handles.","Off-white smooth faux-leather structured satchel, diamond lattice body with repeating polka-dot print, silver turnlock twist-clasp front closure, dual short top handles."
bag_027,Bags,train,lost_bag_27.jpg,found_bag_27.jpg,"Black and white patent leather structured crossbody, geometric patchwork panels, double gold horseshoe-shaped clasp hardware, adjustable black shoulder strap","Black and white patent leather structured crossbody, geometric patchwork panels, double silver horseshoe-shaped clasp hardware, adjustable black shoulder strap"
bag_028,Bags,train,lost_bag_28.png,found_bag_28.png,"Royal blue Coleman insulated lunch bag, glossy nylon upper with arched front zip pocket, black ribbed fabric lower panel with red-and-blue embroidered dot trim, black rubber piping border, black adjustable crossbody strap","Royal blue Coleman insulated lunch bag, glossy nylon upper with arched front zip pocket, black ribbed fabric lower panel with red-and-blue embroidered dot trim, black rubber piping border, removable clip-on carabiner strap"
bag_029,Bags,train,lost_bag_29.jpg,found_bag_29.jpg,"Black crocodile-embossed patent leather baguette bag, silver stud and ring hardware along front panels, crescent silhouette, detachable mirror and mini pouch charms","Black crocodile-embossed patent leather baguette bag, gold stud and ring hardware along front panels, crescent silhouette, detachable mirror and mini pouch charms"
bag_030,Bags,val,lost_bag_30.jpg,found_bag_30.jpg,"Cream and dark brown two-tone faux-leather structured mini satchel, diamond-quilted cream flap, twin brown leather straps with gold turnlock snap closures, short cylindrical top handle, brown smooth lower body panel","Cream and dark brown two-tone faux-leather structured mini satchel, diamond-quilted cream flap, twin brown leather straps with silver magnetic snap closures, short cylindrical top handle, brown smooth lower body panel"
bag_031,Bags,val,lost_bag_31.jpg,found_bag_31.jpg,"Navy blue pebbled leather Samsonite messenger bag, front zip pocket with red zip pull accent, silver logo plate on lower front, adjustable dark nylon shoulder strap","Navy blue pebbled leather Samsonite messenger bag, front zip pocket with black zip pull accent, silver logo plate on lower front, adjustable dark nylon shoulder strap"
bag_032,Bags,val,lost_bag_32.jpg,found_bag_32.jpg,"Off-white crossgrain leather Coach city tote, gold Coach logo on front, dual flat leather handles with gold stud rivets, open top silhouette","Off-white crossgrain leather Coach city tote, silver Coach logo on front, dual flat leather handles with gold stud rivets, open top silhouette"
bag_033,Bags,val,lost_bag_33.jpg,found_bag_33.jpg,"Beige herringbone canvas structured tote, tan leather trim and dual rigid top handles, knotted scarf accent on left handle, gold hardware at handle attachments","Beige herringbone canvas structured tote, tan leather trim and dual rigid top handles, knotted scarf accent on left handle, silver hardware at handle attachments"
bag_034,Bags,val,lost_bag_34.jpg,found_bag_34.jpg,"Black and grey Louis Vuitton Damier Graphite canvas satchel, dual short leather handles with silver hardware, front slip pocket, detachable crossbody strap with miniature bag charm","Black and grey Louis Vuitton Damier Graphite canvas satchel, dual short leather handles with gold hardware, front slip pocket, detachable crossbody strap with miniature bag charm"
bag_035,Bags,val,lost_bag_35.jpg,found_bag_35.jpg,"White smooth leather crescent shoulder bag, gold ring-and-tab clasp hardware on front, small gold brand plate on lower front, single flat shoulder strap","White smooth leather crescent shoulder bag, silver ring-and-tab clasp hardware on front, small gold brand plate on lower front, single flat shoulder strap"
bag_036,Bags,val,lost_bag_36.jpg,found_bag_36.jpg,"Dark green tartan plaid coated canvas crossbody, brown leather trim and flap edging, oval brown leather logo medallion on flap, adjustable brown shoulder strap","Dark green tartan plaid coated canvas crossbody, brown leather trim and flap edging, no logo medallion on flap, adjustable brown shoulder strap"
bag_037,Bags,val,lost_bag_37.jpg,found_bag_37.jpg,"Black faux-leather structured tote, vertical pinstripe embossed texture, double front zip pockets with gold pulls, dual short top handles with gold D-ring attachments","Black faux-leather structured tote, vertical pinstripe embossed texture, double front zip pockets with silver pulls, dual short top handles with gold D-ring attachments"
bag_038,Bags,test,lost_bag_38.jpg,found_bag_38.jpg,"Tan faux-leather Anello Boston bag, front horizontal zip pocket with gold pulls, four corner stud feet, dual short top handles with adjustable crossbody strap","Tan faux-leather Anello Boston bag, front horizontal zip pocket with gold pulls, four corner stud feet, dual short top handles, no crossbody strap"
bag_039,Bags,train,lost_bag_39.jpg,found_bag_39.jpg,"Cream smooth faux-leather Mossdoom crescent shoulder bag, gold zip along curved top edge, knotted strap detail, adjustable flat shoulder strap","Cream smooth faux-leather Mossdoom crescent shoulder bag, silver zip along curved top edge, knotted strap detail, adjustable flat shoulder strap"
bag_040,Bags,test,lost_bag_40.jpg,found_bag_40.jpg,"Off-white saffiano-textured faux-leather barrel bag, cream rounded top handles with gold hardware, top zip closure, no visible branding in either image","Off-white saffiano-textured faux-leather barrel bag, cream rounded top handles with silver hardware, top zip closure, no visible branding in either image"
bag_041,Bags,train,lost_bag_41.jpg,found_bag_41.jpg,"Powder blue pebbled leather Olivia Hassler tote, winged flap-over closure with center tab loop, dual short top handles, tonal stitching throughout","Powder blue smooth leather Olivia Hassler tote, winged flap-over closure with center tab loop, dual short top handles, tonal stitching throughout"
bag_042,Bags,val,lost_bag_42.png,found_bag_42.png,"Dark chocolate brown pebbled faux-leather hobo bag, single flat top handle, unstructured slouchy silhouette, gold zipper pull on exterior front pocket","Dark chocolate brown smooth faux-leather hobo bag, single flat top handle, unstructured slouchy silhouette, gold zipper pull on exterior front pocket"
bag_043,Bags,test,lost_bag_43.png,found_bag_43.png,"Blush pink bubble-quilted fabric mini shoulder bag, scalloped bottom hem, knotted rope handles with gold ring hardware, pink leather flower charm","Blush pink bubble-quilted fabric mini shoulder bag, straight flat bottom hem, knotted rope handles with gold ring hardware, pink leather flower charm"
bag_044,Bags,train,lost_bag_44.png,found_bag_44.png,"Dark navy pebbled faux-leather hobo bag, single wide flat top handle, unstructured slouchy crescent silhouette, small gold zipper pull on side","Dark navy pebbled faux-leather hobo bag, single wide flat top handle, unstructured slouchy crescent silhouette, silver zipper pull on side"
bag_045,Bags,train,lost_bag_45.png,found_bag_45.png,"Dusty blue quilted fabric satchel with embossed animal-pattern squares, structured body, knotted rope top handles with gold-tipped ends, matching blue leather flower charm","Dusty blue quilted fabric satchel with embossed animal-pattern squares, slouchy unstructured body, knotted rope top handles with gold-tipped ends, matching blue leather flower charm"
bag_046,Bags,train,lost_bag_46.png,found_bag_46.png,"Deep burgundy pebbled faux-leather hobo bag, single flat top handle, unstructured slouchy silhouette, gold zipper closure along the top opening","Deep burgundy pebbled faux-leather hobo bag, thick chunky top handle, unstructured slouchy silhouette, gold zipper closure along the top opening"
bag_047,Bags,test,lost_bag_47.png,found_bag_47.png,"Light pink fabric baguette bag printed with pink roses and ribbon bows, ruffled scrunchie-style top handle with tied ribbon detail, zip closure","Light pink fabric baguette bag printed with pink roses and ribbon bows, smooth flat top handle with tied ribbon detail, zip closure"
bag_048,Bags,test,lost_bag_48.png,found_bag_48.png,"White smooth faux-leather ruched cloud pouch, gathered/pleated body, large faux-pearl beaded top handle with gold hardware connectors, detachable flat crossbody strap, yellow-cream satin ribbon bow accent","White smooth faux-leather ruched cloud pouch, gathered/pleated body, large faux-pearl beaded top handle with gold hardware connectors, detachable flat crossbody strap, hot pink satin ribbon bow accent"
bag_049,Bags,train,lost_bag_49.png,found_bag_49.png,"Baby blue smooth faux-leather ruched cloud pouch, gathered/pleated body, large faux-pearl beaded top handle with gold hardware connectors","Baby blue smooth faux-leather ruched cloud pouch, gathered/pleated body, thin braided rope top handle with gold hardware connectors"
bag_050,Bags,val,lost_bag_50.png,found_bag_50.png,"White soft faux-leather slouchy hobo, open top with gentle drape, decorative silver chain-and-pearl swag across front body, silver metal bow charm centrepiece","White soft faux-leather slouchy hobo, open top with gentle drape, decorative silver chain-and-pearl swag across front body, gold metal bow charm centrepiece"
bag_051,Bags,train,lost_bag_51.png,found_bag_51.png,"Light grey-blue soft fabric slouchy hobo, unstructured body, dual silver chain straps draped across front with faux-pearl accent links, adjustable flat shoulder strap","Light grey-blue soft fabric slouchy hobo, unstructured body, single silver chain strap draped across front with faux-pearl accent links, adjustable flat shoulder strap"
bag_052,Bags,train,lost_bag_52.png,found_bag_52.png,"Black crushed velvet large hobo, unstructured slouchy silhouette, silver metal bow charm on front, decorative silver chain swag with faux-pearl links across body","Black crushed velvet large hobo, unstructured slouchy silhouette, silver metal bow charm on front, decorative gold chain swag with faux-pearl links across body"
bag_053,Bags,val,lost_bag_53.png,found_bag_53.png,"Blush pink patent glossy leather structured bowler bag, two twin top handles with silver buckle hardware, dual flap front pockets with self-tied bow details, zip top closure","Blush pink patent glossy leather structured bowler bag, two twin top handles with silver buckle hardware, dual flap front pockets with magnetic snap closures, zip top closure"
bag_054,Bags,train,lost_bag_54.png,found_bag_54.png,"Deep burgundy suede-texture fabric tote, tone-on-tone embossed letter graphics across body, self-fabric belt with silver rectangular buckle at centre front, dual flat fabric shoulder straps","Deep burgundy suede-texture fabric tote, tone-on-tone embossed letter graphics across body, self-fabric belt with gold rectangular buckle at centre front, dual flat fabric shoulder straps"
bag_055,Bags,train,lost_bag_55.png,found_bag_55.png,"Two-tone black-and-white faux-leather structured flap crossbody, iridescent star glitter pattern on white lower panel, gold metal heart-shaped arrow clasp at centre front, gold chain shoulder strap, pearl-and-bow charm accent","Two-tone black-and-white faux-leather structured flap crossbody, iridescent star glitter pattern on white lower panel, gold metal heart-shaped arrow clasp at centre front, silver rope shoulder strap, pearl-and-bow charm accent"
bag_056,Bags,val,lost_bag_56.png,found_bag_56.png,"White faux-leather flap crossbody, iridescent multi-colour star glitter pattern across lower body, gold metal heart-shaped arrow clasp at centre front, pearl and gold bow charm embellishment","White faux-leather flap crossbody, iridescent multi-colour star glitter pattern across lower body, silver metal heart-shaped arrow clasp at centre front, pearl and gold bow charm embellishment"
bag_057,Bags,train,lost_bag_57.png,found_bag_57.png,"White smooth faux-leather structured boxy shoulder bag, City Young brand embossed on front, twin short top straps each with silver square buckle hardware, long adjustable flat leather shoulder strap","White pebbled faux-leather structured boxy shoulder bag, City Young brand embossed on front, twin short top straps each with silver square buckle hardware, long adjustable flat leather shoulder strap"
bag_058,Bags,test,lost_bag_58.png,found_bag_58.png,"Black smooth faux-leather mini boxy barrel bag, structured rectangular silhouette, twin flat top straps each with silver square buckle, long adjustable flat shoulder strap","Black smooth faux-leather mini boxy barrel bag, rounded soft slouchy silhouette, twin flat top straps each with silver square buckle, long adjustable flat shoulder strap"
bag_059,Bags,train,lost_bag_59.png,found_bag_59.png,"Dark chocolate brown smooth leather structured boxy shoulder bag, City Young brand embossed on front, twin short top straps each with silver square buckle hardware, long adjustable flat leather shoulder strap","Dark chocolate brown smooth leather structured boxy shoulder bag, City Young brand embossed on front, twin short top straps each with gold square buckle hardware, long adjustable flat leather shoulder strap"
bag_060,Bags,train,lost_bag_60.png,found_bag_60.png,"Cherry red high-gloss patent leather structured bowler bag, large sculptural bow detail across front body, silver buckle hardware, multiple strap loops, zip top closure","Cherry red high-gloss patent leather structured bowler bag, large sculptural bow detail across front body, gold buckle hardware, multiple strap loops, zip top closure"
bag_061,Bags,train,lost_bag_61.png,found_bag_61.png,"Black canvas tote, large white ""GENTLEWOMAN"" hand-lettered typography on front panel, long flat black fabric shoulder straps.","Black canvas tote, large white ""GENTLEWOMAN"" hand-lettered typography on front panel, long flat black leather shoulder straps."
bag_062,Bags,train,lost_bag_62.png,found_bag_62.png,"Black smooth faux-leather tote, structured rectangular silhouette, front envelope-flap pocket with single snap button closure, short looped top handles, zipper main closure.","Black smooth faux-leather tote, structured rectangular silhouette, front envelope-flap pocket with magnetic snap closure, thick rolled top handles, zipper main closure."
bag_063,Bags,train,lost_bag_63.png,found_bag_63.png,"Cream/beige faux-leather tote with dark chocolate-brown trim and shoulder straps, front envelope-flap pocket with single dark snap button, gold-tone zipper hardware at top.","Cream/beige faux-leather tote with dark chocolate-brown trim and shoulder straps, front envelope-flap pocket with single dark snap button, silver-tone zipper hardware at top."
bag_064,Bags,val,lost_bag_64.png,found_bag_64.png,"Navy blue pebbled faux-leather structured mini satchel, gold-tone buckle hardware anchoring dual short top handles, small gold rectangular nameplate centered on front, top zipper closure.","Navy blue smooth faux-leather structured mini satchel, gold-tone buckle hardware anchoring dual short top handles, small gold rectangular nameplate centered on front, top zipper closure."
bag_065,Bags,train,lost_bag_65.png,found_bag_65.png,"Tan/cognac pebbled faux-leather structured satchel, gold-tone buckle hardware on dual short top handles, gold rectangular nameplate on front, multicolor fur pompom keychain attached to handle, crossbody strap included.","Tan/cognac pebbled faux-leather structured satchel, gold-tone buckle hardware on dual short top handles, gold rectangular nameplate on front, multicolor fur pompom keychain attached to handle, no crossbody strap."
bag_066,Bags,train,lost_bag_66.png,found_bag_66.png,"Taupe/khaki pebbled faux-leather structured satchel, gold-tone buckle hardware on dual short looped top handles, small gold rectangular nameplate on front, top zipper closure, detachable crossbody strap.","Taupe/khaki pebbled faux-leather structured satchel, oversized chunky buckle hardware on dual short looped top handles, small gold rectangular nameplate on front, top zipper closure, detachable crossbody strap."
bag_067,Bags,train,lost_bag_67.png,found_bag_67.png,"Taupe/mocha pebbled faux-leather structured mini satchel, gold-tone buckle hardware on dual short looped top handles, small gold rectangular nameplate centered on front, top zipper closure.","Taupe/mocha pebbled faux-leather structured mini satchel, silver-tone buckle hardware on dual short looped top handles, small gold rectangular nameplate centered on front, top zipper closure."
bag_068,Bags,test,lost_bag_68.png,found_bag_68.png,"White and denim-blue color-block crossbody bag, two-tone checkerboard flap panel, smooth white faux-leather body, thin white crossbody strap with gold-tone connector hardware.","White and denim-blue color-block crossbody bag, two-tone checkerboard flap panel, pebbled white faux-leather body, thin white crossbody strap with gold-tone connector hardware."
bag_069,Bags,train,lost_bag_69.png,found_bag_69.png,"Rose-pink glitter suede and white color-block rectangular crossbody, alternating checkerboard panels on flap and lower body, rounded corners, thin white faux-leather crossbody strap.","Rose-pink glitter suede and white color-block rectangular crossbody, alternating checkerboard panels on flap and lower body, sharp square corners, thin white faux-leather crossbody strap."
bag_070,Bags,train,lost_bag_70.png,found_bag_70.png,"Olive green distressed faux-leather slouchy hobo tote, single center vertical stitch seam on front, wide printed boho fabric strap with teal, gold, and brown peacock-feather motif, gold-tone hook clasp hardware.","Olive green distressed faux-leather slouchy hobo tote, single center vertical stitch seam on front, plain solid olive canvas shoulder strap, gold-tone hook clasp hardware."
bag_071,Bags,test,lost_bag_71.png,found_bag_71.png,"Burnt orange/rust distressed faux-leather large tote, soft slouchy silhouette, single center vertical stitch seam on front, wide printed boho fabric strap with teal, gold, and brown peacock-feather motif.","Burnt orange/rust distressed faux-leather large tote, soft slouchy silhouette, single center vertical stitch seam on front, plain solid leather shoulder strap in matching burnt orange."
bag_072,Bags,train,lost_bag_72.png,found_bag_72.png,"Multicolor Tetris-style geometric color-block print structured satchel, saffiano-textured faux-leather panels in pink, magenta, yellow, purple, teal, and lime, black faux-leather trim and top handles, black crossbody strap, gold-tone hardware.","Multicolor Tetris-style geometric color-block print structured satchel, smooth untextured faux-leather panels in pink, magenta, yellow, purple, teal, and lime, black faux-leather trim and top handles, black crossbody strap, gold-tone hardware."
bag_073,Bags,train,lost_bag_73.png,found_bag_73.png,"Black patent croc-embossed mini top-handle bag, structured rectangular silhouette, large chunky triple-link gold chain ornament centered on front flap, single rigid looped top handle, side zipper closure.","Black patent croc-embossed mini top-handle bag, structured rectangular silhouette, large chunky triple-link gold chain ornament centered on front flap, dual rigid looped top handles, side zipper closure."
bag_074,Bags,train,lost_bag_74.png,found_bag_74.png,"Patent croc-embossed mini top-handle bag, structured rectangular silhouette, large chunky triple-link gold chain ornament centered on front flap, single rigid looped top handle, flap closure with side zipper.","Patent croc-embossed mini top-handle bag, structured rectangular silhouette, large chunky triple-link silver chain ornament centered on front flap, single rigid looped top handle, flap closure with side zipper."
bag_075,Bags,test,lost_bag_75.png,found_bag_75.png,"Red patent croc-embossed mini top-handle bag, structured rectangular silhouette with wavy croc texture, large chunky triple-link gold chain ornament centered on front flap, single rigid looped top handle.","Red matte croc-embossed mini top-handle bag, structured rectangular silhouette with wavy croc texture, large chunky triple-link gold chain ornament centered on front flap, single rigid looped top handle."
bag_076,Bags,train,lost_bag_76.png,found_bag_76.png,"Taupe and white two-tone structured envelope top-handle bag, asymmetric diagonal taupe flap over white body, twisted rope top handle in taupe with gold end caps, gold bar push-clasp on flap, black piping trim along edges.","Taupe and white two-tone structured envelope top-handle bag, asymmetric diagonal taupe flap over white body, smooth flat leather top handle in taupe with gold end caps, gold bar push-clasp on flap, black piping trim along edges."
bag_077,Bags,train,lost_bag_77.png,found_bag_77.png,"White fluffy faux-fur hobo bag, soft rounded silhouette, gold-tone chain strap with lobster-claw clasp connectors on both sides, matching white faux-fur strap accent.","White fluffy faux-fur hobo bag, soft rounded silhouette, silver-tone chain strap with lobster-claw clasp connectors on both sides, matching white faux-fur strap accent."
bag_078,Bags,train,lost_bag_78.png,found_bag_78.png,"Black canvas messenger bag, large structured front flap pocket, flat black webbing shoulder strap and crossbody strap, silver-tone rectangular buckle hardware, utilitarian boxy silhouette.","Black canvas messenger bag, large structured front flap pocket, flat black webbing shoulder strap and crossbody strap, gold-tone rectangular buckle hardware, utilitarian boxy silhouette."
bag_079,Bags,test,lost_bag_79.png,found_bag_79.png,"Olive/army green water-resistant nylon messenger bag, ""GobyHolo"" woven label patch on front, multiple front zip pockets, black plastic side-release buckle strap closures, black zipper pulls, flat black webbing crossbody strap.","Olive/army green water-resistant nylon messenger bag, ""GobyHolo"" woven label patch on front, multiple front zip pockets, magnetic snap strap closures, black zipper pulls, flat black webbing crossbody strap."
bag_080,Bags,train,lost_bag_80.png,found_bag_80.png,"Burgundy/wine pebbled faux-leather oval mini top-handle bag, House of Littlebunny, small silver ∞ logo emblem centered on front, all-around zipper closure, short wrapped top handle, pink bunny-shaped hangtag attached.","Burgundy/wine smooth faux-leather oval mini top-handle bag, House of Littlebunny, small silver ∞ logo emblem centered on front, all-around zipper closure, short wrapped top handle, pink bunny-shaped hangtag attached."
bag_081,Bags,test,lost_bag_81.png,found_bag_81.png,"Khaki/tan washed canvas crossbody messenger bag, soft unstructured silhouette, large front patch pocket plus smaller zippered front pocket, small brown rectangular leather logo patch, D-ring hardware, adjustable canvas shoulder strap with silver-tone slider.","Khaki/tan washed canvas crossbody messenger bag, soft unstructured silhouette, large front patch pocket plus smaller zippered front pocket, small brown rectangular leather logo patch, D-ring hardware, adjustable webbing strap with black plastic buckle."
bag_082,Bags,train,lost_bag_82.png,found_bag_82.png,"Black washed canvas crossbody messenger bag, soft unstructured silhouette, multiple front zip pockets including large patch pocket, small brown rectangular leather ""SPORT"" label patch, D-ring hardware, adjustable canvas crossbody strap.","Black ripstop nylon crossbody messenger bag, soft unstructured silhouette, multiple front zip pockets including large patch pocket, small brown rectangular leather ""SPORT"" label patch, D-ring hardware, adjustable canvas crossbody strap."
bag_083,Bags,test,lost_bag_83.png,found_bag_83.png,"Black canvas messenger bag, large rectangular anime graphic print panel on front flap depicting figures climbing a chain-link fence, ""JUNIOR COMPANY"" text in orange block letters above graphic, black plastic side-release buckle closures, adjustable black crossbody strap.","Black canvas messenger bag, large rectangular anime graphic print panel on front flap depicting figures climbing a chain-link fence, ""JUNIOR COMPANY"" text in white block letters above graphic, black plastic side-release buckle closures, adjustable black crossbody strap."
bag_084,Bags,val,lost_bag_84.png,found_bag_84.png,"Black canvas messenger bag, large front flap with Japanese-style screen-printed graphic of an orange drink-can illustration and red rising sun motif with Japanese text, black plastic side-release buckle closures, adjustable black crossbody strap, rope-pull zipper tabs.","Black canvas messenger bag, large front flap with Japanese-style screen-printed graphic of an orange drink-can illustration and red rising sun motif with Japanese text, silver-tone clip buckle closures, adjustable black crossbody strap, rope-pull zipper tabs."
bag_085,Bags,train,lost_bag_85.png,found_bag_85.png,"Beige/khaki canvas crossbody messenger bag, large front flap with Totoro character graphic print and mushroom/star motifs, yellow belly appliqué patch on flap, ""MY NEIGHBOR TOTORO"" logo stamp on front pocket, small snap-button front pocket, adjustable canvas crossbody strap.","Beige/khaki canvas crossbody messenger bag, large front flap with Totoro character graphic print and mushroom/star motifs, green belly appliqué patch on flap, ""MY NEIGHBOR TOTORO"" logo stamp on front pocket, small snap-button front pocket, adjustable canvas crossbody strap."
bag_086,Bags,train,lost_bag_86.png,found_bag_86.png,"Light blue/periwinkle nylon messenger-style bag, front flap with rectangular clear PVC photo card display window, diagonal silver-zip front pocket, lower rectangular mesh see-through pocket, white O-ring chain loop on side, gray contrast trim and stitching throughout.","Light blue/periwinkle nylon messenger-style bag, front flap with rectangular clear PVC photo card display window, vertical silver-zip front pocket, lower rectangular mesh see-through pocket, white O-ring chain loop on side, gray contrast trim and stitching throughout."
bag_087,Bags,train,lost_bag_87.png,found_bag_87.png,"Black nylon messenger-style bag, front flap with rectangular clear PVC photo card display window, diagonal silver-zip front pocket, lower rectangular mesh see-through pocket, white O-ring detail on strap attachment point, all-black colorway.","Black nylon messenger-style bag, front flap with rectangular clear PVC photo card display window, diagonal gold-zip front pocket, lower rectangular mesh see-through pocket, white O-ring detail on strap attachment point, all-black colorway."
bag_088,Bags,train,lost_bag_88.png,found_bag_88.png,"Black faux-leather Y2K-style shoulder bag, dark burgundy/red front panel with two large pink embroidered cross appliqué patches, black buckle straps crossing the front panel, pink faux-leather accent straps, white contrast topstitching, Hello Kitty face charm on front.","Black faux-leather Y2K-style shoulder bag, dark burgundy/red front panel with two large white embroidered cross appliqué patches, black buckle straps crossing the front panel, pink faux-leather accent straps, white contrast topstitching, Hello Kitty face charm on front."
bag_089,Bags,test,lost_bag_89.png,found_bag_89.png,"Black faux-leather Y2K/punk crossbody bag, dark burgundy/red color-block front pocket panel, silver-tone pin-buckle hardware, silver metallic accent trim strips along edges, embroidered ""STAR"" star-shaped patch and ""MEMORY STYLE"" woven label patch, silver chain detail, white contrast topstitching.","Black faux-leather Y2K-style shoulder bag, dark burgundy/red front panel with two large white embroidered cross appliqué patches, black buckle straps crossing the front panel, pink faux-leather accent straps, white contrast topstitching, Hello Kitty face charm on front."
bag_090,Bags,train,lost_bag_90.png,found_bag_90.png,"Black glossy faux-leather structured top-handle bag, large silver multi-point star metal ornament centered on front flap, dual short rolled top handles with silver buckle connectors, silver stud hardware accents at base corners, angular side dart panels, white contrast topstitching.","Black glossy faux-leather structured top-handle bag, large gold multi-point star metal ornament centered on front flap, dual short rolled top handles with silver buckle connectors, silver stud hardware accents at base corners, angular side dart panels, white contrast topstitching."
bag_091,Bags,train,lost_bag_91.png,found_bag_91.png,"Distressed wrinkled faux-leather large hobo shoulder tote, dual flat straps with stud-snap connector hardware, twin angled zip pockets on lower front sides, soft slouchy unstructured silhouette, gunmetal zipper pulls.","Distressed wrinkled faux-leather large hobo shoulder tote, dual flat straps with buckle-and-loop connector hardware, twin angled zip pockets on lower front sides, soft slouchy unstructured silhouette, gunmetal zipper pulls."
bag_092,Bags,train,lost_bag_92.png,found_bag_92.png,"Black semi-patent crinkled faux-leather large hobo shoulder bag, soft slouchy silhouette, multiple exterior zip pockets, dual flat shoulder straps, dark gunmetal hardware and zipper pulls throughout.","Black semi-patent crinkled faux-leather large hobo shoulder bag, soft slouchy silhouette, multiple exterior zip pockets, single wide shoulder strap, dark gunmetal hardware and zipper pulls throughout."
bag_093,Bags,test,lost_bag_93.png,found_bag_93.png,"Beige/khaki lightweight crinkled nylon soft crossbody bag, small oval woven brand patch on front, fabric self-tie bow accent, front slip pocket, packable unstructured silhouette.","Beige/khaki lightweight crinkled nylon soft crossbody bag, small oval woven brand patch on front, metal clasp accent instead of fabric bow, front slip pocket, packable unstructured silhouette."
bag_094,Bags,train,lost_bag_94.png,found_bag_94.png,"Dark blue denim large open-top tote bag, ""Fashion Denim Bag"" brown rectangular leather label patch centered on front, dual denim flat shoulder straps with silver D-ring hardware, side patch pockets on lower front.","Dark blue denim large open-top tote bag, ""Fashion Denim Bag"" brown rectangular leather label patch centered on front, dual denim flat shoulder straps with silver D-ring hardware, no side pockets, clean flat front panels."
bag_095,Bags,train,lost_bag_95.png,found_bag_95.png,"Red and white gingham check crescent/baguette-shaped shoulder bag, blue denim lower body panel, cream crochet lace trim along the gingham-denim seam, small apple logo label patch, ruched red gingham shoulder strap, red satin ribbon bow tie closure detail.","Red and white gingham check crescent/baguette-shaped shoulder bag, blue denim lower body panel, cream crochet lace trim along the gingham-denim seam, small apple logo label patch, flat unruched red gingham shoulder strap, red satin ribbon bow tie closure detail."
bag_096,Bags,val,lost_bag_96.png,found_bag_96.png,"Corduroy tote bag with allover scattered red strawberry print on ribbed corduroy fabric, soft unstructured silhouette, dual self-fabric flat top handles, open top, vertical corduroy ribbing texture throughout.","Corduroy tote bag with allover scattered red strawberry print on ribbed corduroy fabric, soft unstructured silhouette, dual self-fabric flat top handles, zip top closure, vertical corduroy ribbing texture throughout."
bag_097,Bags,train,lost_bag_97.png,found_bag_97.png,"Beige/cream quilted puffer nylon tote, diamond quilt stitching pattern, ""EARE"" branded white webbing ribbon tie detail on front, dual soft padded top handles, open-top unstructured silhouette.","Beige/cream quilted puffer nylon tote, diamond quilt stitching pattern, ""EARE"" branded white webbing ribbon tie detail on front, dual soft padded top handles, zip-top closure."
bag_098,Bags,train,lost_bag_98.png,found_bag_98.png,"Dark navy quilted puffer nylon tote, diamond quilt stitching pattern, ""EARE"" branded white webbing ribbon tie detail on front, dual soft padded top handles, open-top unstructured silhouette.","Dark navy smooth non-quilted nylon tote, ""EARE"" branded white webbing ribbon tie detail on front, dual soft padded top handles, open-top unstructured silhouette."
bag_099,Bags,test,lost_bag_99.png,found_bag_99.png,"Olive/chartreuse green structured canvas tote, boxy silhouette with flat base, dual flat shoulder straps in yellow and white gingham check fabric, small woven brand label on lower front corner, open top.","Olive/chartreuse green structured canvas tote, boxy silhouette with flat base, dual flat shoulder straps in solid cream fabric, small woven brand label on lower front corner, open top."
bag_100,Bags,train,lost_bag_100.png,found_bag_100.png,"Dark charcoal/black denim tote bag, large ""GROOVY TRIPPY HEART / Take a trip with me"" embroidered graphic in yellow lettering with white sparkle and multicolor star motifs on front panel, dual short denim top handles.","Dark charcoal/black denim tote bag, large ""GROOVY TRIPPY HEART / Take a trip with me"" embroidered graphic in white lettering with white sparkle and multicolor star motifs on front panel, dual short denim top handles."
tumbler_001,Tumblers,train,lost_tumbler_01.png,found_tumbler_01.png,"Silver brushed stainless steel vacuum flask, 500ml, cylindrical slim body, screw-off lid with matching steel cup, no visible branding on body in both images","Silver brushed stainless steel vacuum flask, 500ml, cylindrical slim body, screw-off lid with matching steel cup, with visible brand logo on body"
tumbler_002,Tumblers,train,lost_tumbler_02.png,found_tumbler_02.png,"Matte black stainless steel wide-mouth water bottle, flat circular carry loop on lid, no visible branding or logo in either image","Matte white stainless steel wide-mouth water bottle, flat circular carry loop on lid, no visible branding or logo"
tumbler_003,Tumblers,train,lost_tumbler_03.png,found_tumbler_03.png,"Cream/off-white matte stainless steel wide-mouth bottle, matching cream circular carry-loop lid, smooth body with no visible branding in either image","Matte black stainless steel wide-mouth bottle, matching circular carry-loop lid, smooth body with no visible branding"
tumbler_004,Tumblers,train,lost_tumbler_04.png,found_tumbler_04.png,"Teal-to-navy gradient wide-mouth insulated water bottle, matching teal screw-top lid with ridged edge, teal plastic carabiner-style carry handle, blue rubber base boot","Teal-to-navy gradient wide-mouth insulated water bottle, matching teal screw-top lid with ridged edge, teal plastic carabiner-style carry handle, no rubber base boot"
tumbler_005,Tumblers,train,lost_tumbler_05.png,found_tumbler_05.png,"Matte purple Holo wide-mouth insulated bottle, white Holo logo on body, wide screw-top lid with spout, purple rubber base ring","Matte purple Holo wide-mouth insulated bottle, white Holo logo on body, wide screw-top lid with spout, no rubber base ring"
tumbler_006,Tumblers,train,lost_tumbler_06.png,found_tumbler_06.png,"Matte black Holo insulated bottle, white Holo logo on body, flip-top lid with black carry handle, wide-mouth opening","Matte black Holo insulated bottle, no visible logo on body, flip-top lid with black carry handle, wide-mouth opening"
tumbler_007,Tumblers,train,lost_tumbler_07.png,found_tumbler_07.png,"White-to-gray gradient RIC insulated tumbler, matte finish, matching white screw-top spout lid, braided white-and-gray paracord wrist handle","White-to-gray gradient RIC insulated tumbler, matte finish, matching white screw-top spout lid, braided black-and-silver paracord wrist handle"
tumbler_008,Tumblers,train,lost_tumbler_08.png,found_tumbler_08.png,"Matte black RIC ""Creative Life"" Volcano series insulated tumbler, 40oz, black-to-gray gradient body, gray rubber boot base, black screw-top spout lid with black carabiner clip","Matte black RIC ""Creative Life"" Volcano series insulated tumbler, 40oz, black-to-gray gradient body, gray rubber boot base, black flip-top straw lid with black carabiner clip"
tumbler_009,Tumblers,train,lost_tumbler_09.png,found_tumbler_09.png,"Lavender-to-periwinkle gradient RIC insulated tumbler, matte finish, matching lavender screw-top spout lid, braided purple-and-blue paracord wrist handle with lavender buckle clasps and D-ring","Lavender-to-periwinkle gradient RIC insulated tumbler, matte finish, matching lavender screw-top spout lid, thin single-cord lavender wrist loop with lavender buckle clasps and D-ring"
tumbler_010,Tumblers,train,lost_tumbler_10.png,found_tumbler_10.png,"Matte black slim stainless steel thermos, silver rim accent at top and mid-section, push-button lid with a small rectangular window slot, black plastic carrying handle","Matte black slim stainless steel thermos, glossy black finish, silver rim accent at top and mid-section, push-button lid with a small rectangular window slot, black plastic carrying handle"
tumbler_011,Tumblers,train,lost_tumbler_11.png,found_tumbler_11.png,"Yellow-to-orange gradient RIC ""Creative Life"" insulated tumbler, matte finish, matching orange screw-top spout lid, braided orange-and-yellow paracord wrist handle with orange D-ring carabiner","Yellow-to-orange gradient RIC ""Creative Life"" insulated tumbler, matte finish, matching orange screw-top spout lid, braided orange-and-yellow paracord wrist handle with silver metal carabiner"
tumbler_012,Tumblers,train,lost_tumbler_12.png,found_tumbler_12.png,"Solid hot-pink RIC ""Creative Life"" insulated tumbler, matte finish, matching pink flip-top straw lid with small purple accent ring, braided pink-and-purple paracord wrist handle with purple buckle clasps","Solid hot-pink RIC ""Creative Life"" insulated tumbler, matte finish, matching pink flip-top straw lid with small purple accent ring, braided pink-and-purple paracord shoulder strap with purple buckle clasps"
tumbler_013,Tumblers,train,lost_tumbler_13.png,found_tumbler_13.png,"Purple-to-red gradient RIC ""Creative Life"" insulated tumbler, matte finish, solid purple flip-top straw lid, red rubber boot base, braided magenta-and-purple paracord wrist handle with purple carabiner","Purple-to-red gradient RIC ""Creative Life"" insulated tumbler, matte finish, solid purple flip-top straw lid, purple rubber boot base, braided magenta-and-purple paracord wrist handle with purple carabiner"
tumbler_014,Tumblers,train,lost_tumbler_14.png,found_tumbler_14.png,"Solid blush-pink RIC ""Creative Life"" insulated tumbler, matte finish, matching pink screw-top spout lid, pink carabiner clip, no paracord handle attached","Solid blush-pink RIC ""Creative Life"" insulated tumbler, satin finish, matching pink screw-top spout lid, pink carabiner clip, no paracord handle attached"
tumbler_015,Tumblers,train,lost_tumbler_15.png,found_tumbler_15.png,"Solid sky-blue RIC ""Creative Life"" insulated tumbler, matte finish, matching blue screw-top spout lid, braided two-tone light-blue paracord wrist handle with blue buckle clasps","Solid sky-blue RIC ""Creative Life"" insulated tumbler, matte finish, matching blue screw-top spout lid, braided two-tone light-blue paracord wrist handle with silver metal snap hooks"
tumbler_016,Tumblers,train,lost_tumbler_16.png,found_tumbler_16.png,"Tan/khaki RIC ""Creative Life"" insulated tumbler, matte finish, matching tan screw-top spout lid, dark brown rubber boot base, product tag attached at neck","Tan/khaki RIC ""Creative Life"" insulated tumbler, matte finish, matching tan screw-top spout lid, black rubber boot base, product tag attached at neck"
tumbler_017,Tumblers,train,lost_tumbler_17.png,found_tumbler_17.png,"Solid ruby-red RIC ""Creative Life"" insulated tumbler, matte finish, matching red flip-top straw lid with red D-ring loop, braided red-and-navy paracord wrist handle with red carabiner clip","Solid ruby-red RIC ""Creative Life"" insulated tumbler, matte finish, matching red flip-top straw lid with red D-ring loop, braided red-and-navy paracord wrist handle with black carabiner clip"
tumbler_018,Tumblers,train,lost_tumbler_18.png,found_tumbler_18.png,"Solid purple RIC ""Creative Life"" insulated tumbler, matte finish, matching purple screw-top spout lid with chevron texture, braided purple-and-pink paracord wrist handle with purple buckle clasps, purple D-ring carabiner","Solid purple RIC ""Creative Life"" insulated tumbler, matte finish, matching purple screw-top spout lid with chevron texture, thin single-cord purple wrist loop with purple buckle clasps, purple D-ring carabiner"
tumbler_019,Tumblers,train,lost_tumbler_19.png,found_tumbler_19.png,"Teal-to-black gradient RIC ""Creative Life"" insulated tumbler, matte finish, matching teal screw-top spout lid, teal paracord shoulder strap with teal buckle clasps, black rubber boot base","Teal-to-black gradient RIC ""Creative Life"" insulated tumbler, matte finish, matching teal flip-top straw lid, teal paracord shoulder strap with teal buckle clasps, black rubber boot base"
tumbler_020,Tumblers,train,lost_tumbler_20.png,found_tumbler_20.png,"Lime-green-to-mint gradient RIC ""Creative Life"" insulated tumbler, matte finish, matching lime screw-top spout lid with lime O-ring loop, braided lime-green paracord wrist handle with lime buckle clasp, lime carabiner clip","Lime-green-to-mint gradient RIC ""Creative Life"" insulated tumbler, matte finish, matching lime screw-top spout lid with lime O-ring loop, braided lime-green paracord wrist handle with silver metal carabiner clip"
tumbler_021,Tumblers,train,lost_tumbler_21.png,found_tumbler_21.png,"Pink-to-lavender gradient RIC ""Creative Life"" insulated tumbler, matte finish, matching pink screw-top spout lid, rose-gold carabiner clip, braided pink-and-purple paracord wrist handle","Pink-to-lavender gradient RIC ""Creative Life"" insulated tumbler, glossy finish, matching pink screw-top spout lid, rose-gold carabiner clip, braided pink-and-purple paracord wrist handle"
tumbler_022,Tumblers,train,lost_tumbler_22.png,found_tumbler_22.png,"Purple-to-lilac gradient RIC ""Creative Life"" insulated tumbler, matte finish, solid purple flip-top straw lid with purple D-ring loop, light purple rubber boot base, braided purple-and-pink paracord wrist handle","Purple-to-lilac gradient RIC ""Creative Life"" insulated tumbler, matte finish, solid purple flip-top straw lid with purple D-ring loop, dark charcoal rubber boot base, braided purple-and-pink paracord wrist handle"
tumbler_023,Tumblers,train,lost_tumbler_23.png,found_tumbler_23.png,"Lavender-to-sky-blue gradient RIC ""Creative Life"" insulated tumbler, matte finish, matching lavender screw-top spout lid with chevron texture, braided lavender-and-mint paracord wrist handle with lavender buckle clasps and silver carabiner","Lavender-to-sky-blue gradient RIC ""Creative Life"" insulated tumbler, matte finish, matching lavender screw-top spout lid with chevron texture, braided lavender-and-mint paracord wrist handle with lavender buckle clasps and purple carabiner"
tumbler_024,Tumblers,train,lost_tumbler_24.png,found_tumbler_24.png,"Teal Owala FreeSip insulated tumbler, glossy finish, lime-green push-button flip-top lid with built-in straw, lime-green accent band at neck, no carry strap attached","Teal Owala FreeSip insulated tumbler, matte finish, lime-green push-button flip-top lid with built-in straw, lime-green accent band at neck, no carry strap attached"
tumbler_025,Tumblers,train,lost_tumbler_25.png,found_tumbler_25.png,"Lime-yellow Owala insulated tumbler, matte finish, transparent push-button flip-top lid with green hinge, hot-pink accent band, mint-green collar ring, lime-green rubber boot base, green paracord wrist strap","Lime-yellow Owala insulated tumbler, matte finish, transparent push-button flip-top lid with green hinge, hot-pink accent band, mint-green collar ring, lime-green rubber boot base, thin single-cord green wrist loop"
tumbler_026,Tumblers,train,lost_tumbler_26.png,found_tumbler_26.png,"Magenta Owala insulated tumbler, matte finish, purple push-button flip-top lid with yellow-orange O-ring loop, teal accent band at neck, yellow ""owala"" logo on body","Magenta Owala insulated tumbler, matte finish, purple push-button flip-top lid with yellow-orange O-ring loop, navy accent band at neck, yellow ""owala"" logo on body"
tumbler_027,Tumblers,train,lost_tumbler_27.png,found_tumbler_27.png,"Matte black Owala FreeSip insulated tumbler, 32oz, all-black body and push-button flip-top lid with built-in straw, white-and-blue product label wrap on body, no carry strap attached","Matte black Owala FreeSip insulated tumbler, 32oz, all-black body and push-button flip-top lid with built-in straw, white-and-green product label wrap on body, no carry strap attached"
tumbler_028,Tumblers,train,lost_tumbler_28.png,found_tumbler_28.png,"Sky-blue Stanley ""Since 1913"" Flowstate Quencher insulated tumbler, 30oz, matte finish, matching blue flip-top lid with blue angular handle, silver steel collar, white product label wrap on body","Sky-blue Stanley ""Since 1913"" Flowstate Quencher insulated tumbler, 30oz, matte finish, matching blue flip-top lid with blue angular handle, silver steel collar, no product label wrap on body"
tumbler_029,Tumblers,train,lost_tumbler_29.png,found_tumbler_29.png,"Cream/beige Stanley Flowstate Quencher H2.0 insulated tumbler, 30oz, matte finish, light pink flip-top lid with pink angular handle, silver steel collar, white product label wrap on body","Cream/beige Stanley Flowstate Quencher H2.0 insulated tumbler, 30oz, matte finish, light pink flip-top lid with round loop handle, silver steel collar, white product label wrap on body"
tumbler_030,Tumblers,train,lost_tumbler_30.png,found_tumbler_30.png,"Magenta Stanley ""Since 1913"" IceFlow Flip Straw insulated tumbler, 30oz, matte finish, light pink flip-top straw lid, silver steel collar, white product label wrap on body, no carry handle attached","Magenta Stanley ""Since 1913"" IceFlow Flip Straw insulated tumbler, 30oz, glossy finish, light pink flip-top straw lid, silver steel collar, white product label wrap on body, no carry handle attached"
tumbler_031,Tumblers,train,lost_tumbler_31.png,found_tumbler_31.png,"Olive-green Stanley Flowstate Quencher H2.0 insulated tumbler, 30oz, matte finish, black flip-top lid with olive angular handle, silver steel collar, white product label wrap on body","Olive-green Stanley Flowstate Quencher H2.0 insulated tumbler, 30oz, matte finish, black flip-top lid with black angular handle, silver steel collar, white product label wrap on body"
tumbler_032,Tumblers,train,lost_tumbler_32.png,found_tumbler_32.png,"Mint/seafoam Stanley Flowstate Quencher H2.0 insulated tumbler, 30oz, matte finish, teal flip-top lid with teal angular handle, silver steel collar, white product label wrap on body","Mint/seafoam Stanley Flowstate Quencher H2.0 insulated tumbler, 30oz, matte finish, teal flip-top lid with teal angular handle, brushed stainless steel collar, white product label wrap on body"
tumbler_033,Tumblers,train,lost_tumbler_33.png,found_tumbler_33.png,"Magenta Stanley ""Since 1913"" IceFlow Flip Straw insulated tumbler, 30oz, matte finish, matching magenta flip-top straw lid with magenta angular carry handle, silver steel collar, white product label wrap on body","Magenta Stanley ""Since 1913"" IceFlow Flip Straw insulated tumbler, 30oz, matte finish, matching magenta flip-top straw lid with magenta round loop handle, silver steel collar, white product label wrap on body"
tumbler_034,Tumblers,train,lost_tumbler_34.png,found_tumbler_34.png,"Matte black Stanley tumbler, tall tapered silhouette, stainless steel band at neck, flip-top lid with push-button spout, metal side clips/bails","Matte black Stanley tumbler, tall tapered silhouette, stainless steel band at neck, flip-top lid with push-button spout, plastic side clips/bails"
tumbler_035,Tumblers,train,lost_tumbler_35.png,found_tumbler_35.png,"CIVAGO cream/off-white insulated travel mug, squat cylindrical body, dark chocolate-brown silicone band and C-shaped handle, cream oval push-button lid","CIVAGO cream/off-white insulated travel mug, squat cylindrical body, dark chocolate-brown silicone band and straight bar handle, cream oval push-button lid"
tumbler_036,Tumblers,val,lost_tumbler_36.png,found_tumbler_36.png,"CIVAGO baby blue insulated tumbler, tall cylindrical body, pastel pink silicone band and C-shaped handle, cream oval flip-top lid","CIVAGO baby blue insulated tumbler, tall cylindrical body, pastel pink silicone band and C-shaped handle, glossy transparent flip-top lid"
tumbler_037,Tumblers,val,lost_tumbler_37.png,found_tumbler_37.png,"CIVAGO lavender/lilac insulated tumbler, tall cylindrical body, pastel yellow silicone band and C-shaped handle, purple oval flip-top lid","CIVAGO lavender/lilac insulated tumbler, squat cylindrical body, pastel yellow silicone band and C-shaped handle, purple oval flip-top lid"
tumbler_038,Tumblers,val,lost_tumbler_38.png,found_tumbler_38.png,"CIVAGO large insulated jug, teal-to-black gradient ombre body, integrated top carry handle, flip-top spout lid, removable straw lid with side handle","CIVAGO large insulated jug, teal-to-black gradient ombre body, integrated top carry handle, screw-top wide-mouth lid, removable straw lid with side handle"
tumbler_039,Tumblers,val,lost_tumbler_39.png,found_tumbler_39.png,"CIVAGO large insulated jug, lavender-to-mint gradient ombre body, arched white/lavender carry handle, flip-top spout lid, removable straw lid with side handle","CIVAGO large insulated jug, lavender-to-mint gradient ombre body, thin wire carry handle, flip-top spout lid, removable straw lid with side handle"
tumbler_040,Tumblers,val,lost_tumbler_40.png,found_tumbler_40.png,"LINBAI matte pink insulated tumbler, tapered cylindrical body, clear/translucent snap lid, pink-and-white braided rope strap with gold carabiner clips, pink fluffy pom-pom charm","LINBAI matte pink insulated tumbler, tapered cylindrical body, clear/translucent snap lid, pink-and-white braided rope strap with silver carabiner clips, pink fluffy pom-pom charm"
tumbler_041,Tumblers,val,lost_tumbler_41.png,found_tumbler_41.png,"Matte black LINBAI insulated tumbler-mug, wide squat cylindrical body, clear/transparent snap lid with straw port, integrated C-shaped handle, crystal butterfly straw topper, black bead chain strap with carabiner clips","Matte black LINBAI insulated tumbler-mug, wide squat cylindrical body, clear/transparent snap lid with straw port, integrated C-shaped handle, crystal butterfly straw topper, braided rope strap with carabiner clips"
tumbler_042,Tumblers,val,lost_tumbler_42.png,found_tumbler_42.png,"Cream/off-white LINBAI large insulated tumbler, tall tapered body, brown rubber base boot, caramel-brown silicone lid band, clear snap lid with straw port, integrated C-shaped handle, brown fluffy pom-pom keychain charm","Cream/off-white LINBAI large insulated tumbler, tall tapered body, brown rubber base boot, caramel-brown silicone lid band, clear snap lid with straw port, integrated C-shaped handle, pink fluffy pom-pom keychain charm"
tumbler_043,Tumblers,val,lost_tumbler_43.png,found_tumbler_43.png,"Lavender/lilac LINBAI insulated flask, tall cylindrical body with rubber base boot, matching lavender flip-spout lid, silicone loop carry handle, iridescent purple heart-shaped bead strap","Lavender/lilac LINBAI insulated flask, tall cylindrical body with rubber base boot, matching lavender flip-spout lid, rigid top carry handle, iridescent purple heart-shaped bead strap"
tumbler_044,Tumblers,val,lost_tumbler_44.png,found_tumbler_44.png,"Cream/off-white LINBAI 16oz kids insulated flask, short stout cylindrical body, pastel pink rubber base boot, pink flip-straw lid with silicone loop handle","Cream/off-white LINBAI 16oz kids insulated flask, short stout cylindrical body, pastel pink rubber base boot, screw-top lid with silicone loop handle"
tumbler_045,Tumblers,val,lost_tumbler_45.png,found_tumbler_45.png,"White LINBAI insulated flask, tall cylindrical body, all-over pink and dark grey butterfly with hearts and bows tattoo-art print, pink silicone shoulder band","White LINBAI insulated flask, tall cylindrical body, all-over pink and dark grey butterfly with hearts and bows tattoo-art print, yellow silicone shoulder band"
tumbler_046,Tumblers,test,lost_tumbler_46.png,found_tumbler_46.png,"White LINBAI insulated flask, tall cylindrical body, all-over purple ribbon bow graphic print, purple screw-top sport lid with push-pull spout, purple rubber base boot","White LINBAI insulated flask, tall cylindrical body, all-over purple ribbon bow graphic print, purple screw-top sport lid with push-pull spout, black rubber base boot"
tumbler_047,Tumblers,test,lost_tumbler_47.png,found_tumbler_47.png,"Cream off-white insulated tumbler, all-over pastel pink tulip and butterfly line-art print on body, pink ribbed rubber base boot, pink flip-top lid with integrated hinge loop.","Cream off-white insulated tumbler, all-over pastel pink rose and ribbon line-art print on body, pink ribbed rubber base boot, pink flip-top lid with integrated hinge loop."
tumbler_048,Tumblers,test,lost_tumbler_48.png,found_tumbler_48.png,"Cream/off-white insulated tumbler, cylindrical two-tone body, all-over red cherry print on upper half, red ribbed silicone lower sleeve, red flip-straw lid with arched carry handle, red cartoon monster figure keychain","Cream/off-white insulated tumbler, cylindrical two-tone body, all-over red cherry print on upper half, smooth (non-ribbed) red silicone lower sleeve, red flip-straw lid with arched carry handle, red cartoon monster figure keychain"
tumbler_049,Tumblers,test,lost_tumbler_49.png,found_tumbler_49.png,"Lavender KADA insulated tumbler, tall cylindrical body, lavender and white gingham/plaid print on upper half, lavender ribbed silicone lower sleeve, pink push-button snap lid, lavender arched top carry handle, purple bubble-bead keychain charm","Lavender KADA insulated tumbler, tall cylindrical body, lavender and white gingham/plaid print on upper half, lavender ribbed silicone lower sleeve, pink push-button snap lid, lavender arched top carry handle, pink fluffy pom-pom keychain charm"
tumbler_050,Tumblers,test,lost_tumbler_50.png,found_tumbler_50.png,"Pink and white gingham checkered insulated tumbler, smooth upper body transitioning to pink vertically-ribbed rubber base, pink push-button flip-top lid, pink arched over-the-top carry handle.","Pink and white gingham checkered insulated tumbler, smooth upper body transitioning to pink vertically-ribbed rubber base, pink push-button flip-top lid, pink flat side-ring carry handle."
tumbler_051,Tumblers,train,lost_tumbler_51.png,found_tumbler_51.png,"Keepe Flask matte olive green steel insulated bottle, wide-mouth lid, silver carabiner clip, Keepe Flask wordmark on body, matching olive rubber base boot","Keepe Flask matte olive green steel insulated bottle, wide-mouth lid, black plastic snap buckle clip, Keepe Flask wordmark on body, matching olive rubber base boot"
tumbler_052,Tumblers,val,lost_tumbler_52.png,found_tumbler_52.png,"Keepe Flask matte white-to-lavender ombre steel insulated bottle, flip-top spout lid, K logo and Keepe Flask wordmark on body, matching lavender rubber base boot","Keepe Flask matte white-to-lavender ombre steel insulated bottle, flip-top spout lid, K logo and Keepe Flask wordmark on body, no rubber base boot"
tumbler_053,Tumblers,train,lost_tumbler_53.png,found_tumbler_53.png,"Keepe Flask matte tan/caramel steel insulated bottle, wide-mouth spout flip lid, K logo and Keepe Flask wordmark on body, matching tan rubber base boot","Keepe Flask matte tan/caramel steel insulated bottle, screw-cap flat lid, K logo and Keepe Flask wordmark on body, matching tan rubber base boot"
tumbler_054,Tumblers,train,lost_tumbler_54.png,found_tumbler_54.png,"Keepe Flask matte steel insulated bottle, blush pink body with coral-orange base boot and matching lid, yellow-green silicone loop handle, K logo and Keepe Flask wordmark on body","Keepe Flask matte steel insulated bottle, blush pink body with coral-orange base boot and matching lid, black carabiner clip handle, K logo and Keepe Flask wordmark on body"
tumbler_055,Tumblers,train,lost_tumbler_55.png,found_tumbler_55.png,"Dark brown/maroon ribbed glass tumbler, vertical fluted body, silver ball-chain with pink rubber daisy flower charm, printed label sticker on body","Dark brown/maroon ribbed glass tumbler, vertical fluted body, long thin lanyard strap with pink rubber daisy flower charm, printed label sticker on body"
tumbler_056,Tumblers,train,lost_tumbler_56.png,found_tumbler_56.png,"Dark forest green ribbed glass tumbler, vertical fluted body, green matching straw, green rope wrist loop with small flower charm pendant","Dark forest green ribbed glass tumbler, vertical fluted body, green matching straw, pink braided fabric wrist loop with small flower charm pendant"
tumbler_057,Tumblers,val,lost_tumbler_57.png,found_tumbler_57.png,"Smoke grey ribbed glass tumbler, vertical fluted body, black flat straw lid with metal straw, black rubber daisy flower charm attached to side","Smoke grey ribbed glass tumbler, vertical fluted body, black flat straw lid with metal straw, pink rubber daisy flower charm attached to side"
tumbler_058,Tumblers,train,lost_tumbler_58.png,found_tumbler_58.png,"Blush pink collapsible silicone water bottle, geometric criss-cross panel texture across body, matching pink screw-top lid, integrated silicone carry loop","Blush pink collapsible silicone water bottle, geometric criss-cross panel texture across body, hinged flip-top spout lid, integrated silicone carry loop"
tumbler_059,Tumblers,test,lost_tumbler_59.png,found_tumbler_59.png,"Grey collapsible silicone water bottle, geometric criss-cross panel texture across body, integrated matching silicone carry loop","Grey collapsible silicone water bottle, smooth untextured body, integrated matching silicone carry loop"
tumbler_060,Tumblers,train,lost_tumbler_60.png,found_tumbler_60.png,"Sage green collapsible silicone water bottle, geometric criss-cross panel texture across body, matching sage screw-top lid, integrated silicone carry strap","Sage green collapsible silicone water bottle, geometric criss-cross panel texture across body, matching sage screw-top lid, detachable carabiner clip handle"
tumbler_061,Tumblers,train,lost_tumbler_61.png,found_tumbler_61.png,"Dark charcoal gray collapsible silicone water bottle, accordion ribbed body, flat stainless steel screw-on lid, small silver carabiner clip attached to lid ring","Dark charcoal gray collapsible silicone water bottle, accordion ribbed body, flat stainless steel screw-on lid, no carabiner clip"
tumbler_062,Tumblers,test,lost_tumbler_62.png,found_tumbler_62.png,"Lavender/light purple collapsible silicone water bottle, accordion ribbed body, flat stainless steel screw-on lid, small silver carabiner clip attached at neck","Lavender/light purple collapsible silicone water bottle, smooth non-ribbed body, flat stainless steel screw-on lid, small silver carabiner clip attached at neck"
tumbler_063,Tumblers,train,lost_tumbler_63.png,found_tumbler_63.png,"WRELS soft flask, frosted translucent TPU body with purple ""WRELS"" branding, purple base, narrow push-pull spout with loop tether at top","WRELS soft flask, frosted translucent TPU body with purple ""WRELS"" branding, purple base, wide bite-valve spout with loop tether at top"
tumbler_064,Tumblers,val,lost_tumbler_64.png,found_tumbler_64.png,"WRELS soft flask, light blue translucent TPU body with white ""WRELS Love Life Love Sports"" branding, narrow push-pull spout at top, small loop finger hole at base","WRELS soft flask, light blue translucent TPU body with white ""WRELS Love Life Love Sports"" branding, wide screw-cap spout at top, small loop finger hole at base"
tumbler_065,Tumblers,test,lost_tumbler_65.png,found_tumbler_65.png,"WRELS matte black soft flask, black TPU body with white ""WRELS Love Life Love Sports"" branding, narrow push-pull spout with loop tether at top, white measurement markings on reverse","WRELS matte black soft flask, black TPU body with white ""WRELS Love Life Love Sports"" branding, narrow push-pull spout with loop tether at top, no measurement markings on reverse"
tumbler_066,Tumblers,test,lost_tumbler_66.png,found_tumbler_66.png,"WRELS matte black soft flask, black TPU body with white ""WRELS Love Life Love Sports"" branding, narrow push-pull spout with loop tether at top, visible wet/weathered surface texture","WRELS matte black soft flask, black TPU body with white ""WRELS Love Life Love Sports"" branding, wide screw-cap spout with loop tether at top, visible wet/weathered surface texture"
tumbler_067,Tumblers,train,lost_tumbler_67.png,found_tumbler_67.png,"Blue collapsible soft flask, smooth semi-transparent TPU body with no visible branding on front, narrow push-pull spout with gray collar and loop tether at top","Blue collapsible soft flask, smooth semi-transparent TPU body with no visible branding on front, wide screw-cap spout with gray collar and loop tether at top"
tumbler_068,Tumblers,train,lost_tumbler_68.png,found_tumbler_68.png,"Cream/off-white matte steel wide-mouth tumbler, ""DOUBLE WALL VACUUM BOTTLE"" label with green and yellow branding sticker on body, wide flat screw-on lid with integrated carry handle loop, no branding on body itself","Cream/off-white matte steel wide-mouth tumbler, ""DOUBLE WALL VACUUM BOTTLE"" label with green and yellow branding sticker on body, narrow screw-on lid with no carry handle loop, no branding on body itself"
tumbler_069,Tumblers,train,lost_tumbler_69.png,found_tumbler_69.png,"Lavender/light purple matte steel tall tumbler, smooth cylindrical body, matching purple flat lid with integrated arc carry handle, no visible branding","Lavender/light purple matte steel tall tumbler, smooth cylindrical body, matching purple flat lid with a side-mounted carabiner clip instead of arc handle, no visible branding"
tumbler_070,Tumblers,test,lost_tumbler_70.png,found_tumbler_70.png,"Hot pink/magenta transparent plastic skull-shaped water bottle, embossed skull face with eye and nose details on body, pink matte screw-on cylindrical lid with small loop handle on top, glossy transparent body","Hot pink/magenta transparent plastic skull-shaped water bottle, embossed skull face with eye and nose details on body, pink matte screw-on cylindrical lid with small loop handle on top, matte opaque body"
tumbler_071,Tumblers,train,lost_tumbler_71.png,found_tumbler_71.png,"Red glossy translucent plastic bear/snowman-shaped water bottle, double-lobed rounded body with embossed face details, red matte flip-top screw lid with small tab, no branding visible","Red glossy translucent plastic bear/snowman-shaped water bottle, double-lobed rounded body with embossed face details, red matte push-pull sport spout lid with small tab, no branding visible"
tumbler_072,Tumblers,train,lost_tumbler_72.png,found_tumbler_72.png,"Teal/dark cyan matte steel cylindrical travel tumbler, smooth body, ""TRAVEL TUMBLER warm"" white paper wrap label, push-pull sport spout lid with integrated mouthpiece, no carry handle","Teal/dark cyan matte steel cylindrical travel tumbler, smooth body, ""TRAVEL TUMBLER warm"" white paper wrap label, flat screw-on lid with no sport spout, no carry handle"
tumbler_073,Tumblers,train,lost_tumbler_73.png,found_tumbler_73.png,"Khaki/olive beige matte steel tall cylindrical tumbler, smooth featureless body, matching beige flat lid with integrated D-ring carry handle on top, no branding or labels","Khaki/olive beige matte steel tall cylindrical tumbler, smooth featureless body, matching beige flat lid with integrated arc carry handle on top, no branding or labels"
tumbler_074,Tumblers,train,lost_tumbler_74.png,found_tumbler_74.png,"Matte black steel cylindrical tumbler, smooth body, black push-pull sport spout lid with rounded mouthpiece nozzle, no branding or labels visible","Matte black steel cylindrical tumbler, smooth body, black flat screw-on lid with no sport spout, no branding or labels visible"
tumbler_075,Tumblers,train,lost_tumbler_75.png,found_tumbler_75.png,"Pale pink HML Life mini thermos, matte finish, mushroom-shaped rounded cap, hot pink paracord wrist strap with knotted tassel, silver carabiner clip at top, thin hot pink silicone band at neck","Pale pink HML Life mini thermos, matte finish, mushroom-shaped rounded cap, hot pink paracord wrist strap with knotted tassel, silver carabiner clip at top, thin hot pink screw-threaded metal band at neck"
tumbler_076,Tumblers,train,lost_tumbler_76.png,found_tumbler_76.png,"Pale lavender HML Life mini thermos, glossy finish, mushroom-shaped rounded cap, purple accent band at neck, silver carabiner clip at top","Pale lavender HML Life mini thermos, matte finish, mushroom-shaped rounded cap, purple accent band at neck, silver carabiner clip at top"
tumbler_077,Tumblers,train,lost_tumbler_77.png,found_tumbler_77.png,"White ChillTa wide-body tumbler, matte finish, multicolor push-button flip lid with pink dome, yellow-green silicone band, light blue loop carry handle","White ChillTa wide-body tumbler, matte finish, multicolor push-button flip lid with pink dome, yellow-green silicone band, thick sturdy top-mounted handle"
tumbler_078,Tumblers,val,lost_tumbler_78.png,found_tumbler_78.png,"Pastel pink large thermos, matte powder-coat finish, integrated pink carry handle on lavender screw-top lid, wide cylindrical body","Pastel pink large thermos, matte powder-coat finish, side-mounted foldable carry handle on lavender screw-top lid, wide cylindrical body"
tumbler_079,Tumblers,test,lost_tumbler_79.png,found_tumbler_79.png,"Light blue ChillTa wide-body tumbler, matte finish, multicolor push-button flip lid with pink dome, yellow-green silicone band, light blue loop carry handle","Light blue ChillTa wide-body tumbler, glossy finish, multicolor push-button flip lid with pink dome, yellow-green silicone band, light blue loop carry handle"
tumbler_080,Tumblers,train,lost_tumbler_80.png,found_tumbler_80.png,"Lime green ChillTa wide-body tumbler, matte finish, multicolor push-button flip lid with pink dome, yellow-green silicone band, light blue loop carry handle","Lime green ChillTa wide-body tumbler, matte finish, multicolor push-button flip lid with blue dome, yellow-green silicone band, light blue loop carry handle"
tumbler_081,Tumblers,train,lost_tumbler_81.png,found_tumbler_81.png,"Pink Smiley Cup tall thermos, matte finish, white mid-section with side ring loop, blue rounded screw-top lid, bold white ""SMILEY CUP"" text on body","Pink Smiley Cup tall thermos, matte finish, white mid-section with clip-on carabiner loop, blue rounded screw-top lid, bold white ""SMILEY CUP"" text on body"
tumbler_082,Tumblers,train,lost_tumbler_82.png,found_tumbler_82.png,"Lime green Smiley Cup tall thermos, matte finish, white mid-section, purple push-button flip lid, purple silicone loop carry ring on side, bold white ""SMILEY CUP"" text on body","Lime green Smiley Cup tall thermos, matte finish, white mid-section, purple push-button flip lid, thin braided cord carry strap on side, bold white ""SMILEY CUP"" text on body"
tumbler_083,Tumblers,train,lost_tumbler_83.png,found_tumbler_83.png,"Cream white Spout travel mug, wide cylindrical body, pink snap-on lid, salmon-pink wraparound label band on lower body, hot pink sealing ring between lid and body","Cream white Spout travel mug, wide cylindrical body, pink snap-on lid, salmon-pink wraparound label band on lower body, thin dark red sealing ring between lid and body"
tumbler_084,Tumblers,test,lost_tumbler_84.png,found_tumbler_84.png,"Pale pink/lavender Spout travel mug, wide cylindrical body, lilac snap-on lid, wraparound label band on lower body, hot pink sealing ring between lid and body","Pale pink/lavender Spout travel mug, wide cylindrical body, white snap-on lid, wraparound label band on lower body, hot pink sealing ring between lid and body"
tumbler_085,Tumblers,train,lost_tumbler_85.png,found_tumbler_85.png,"White matte straight-walled tumbler, smooth finish, blush pink flat silicone lid, deep burgundy sealing ring at lid junction, no handle","White matte straight-walled tumbler, smooth finish, blush pink flat silicone lid, thin white sealing ring at lid junction, no handle"
tumbler_086,Tumblers,train,lost_tumbler_86.png,found_tumbler_86.png,"Dusty mauve matte tumbler, soft-touch rubbery finish, pale lavender flat silicone lid, deep purple sealing ring at lid junction, straight cylindrical body, no handle","Dusty mauve matte tumbler, glossy ceramic finish, pale lavender flat silicone lid, deep purple sealing ring at lid junction, straight cylindrical body, no handle"
tumbler_087,Tumblers,train,lost_tumbler_87.png,found_tumbler_87.png,"Sage green Spout travel mug, slightly tapered cylindrical body, white flat snap-on lid, purple sealing ring at lid junction, matte finish","Sage green Spout travel mug, sharply tapered hourglass cylindrical body, white flat snap-on lid, purple sealing ring at lid junction, matte finish"
tumbler_088,Tumblers,train,lost_tumbler_88.png,found_tumbler_88.png,"Dark navy/indigo matte tumbler, straight cylindrical body, warm taupe/brown flat lid, thin white accent line at lid junction, no handle","Dark navy/indigo matte tumbler, straight cylindrical body, warm taupe/brown flat lid, thin gold accent line at lid junction, no handle"
tumbler_089,Tumblers,train,lost_tumbler_89.png,found_tumbler_89.png,"Rose gold/copper metallic mini thermos, glittery sparkle finish, short squat body, silver mushroom-shaped screw cap, black rubber sealing ring at neck junction","Rose gold/copper metallic mini thermos, glittery sparkle finish, short squat body, silver mushroom-shaped screw cap, no visible sealing ring at neck junction"
tumbler_090,Tumblers,train,lost_tumbler_90.png,found_tumbler_90.png,"Matte black mini thermos, smooth soft-touch finish, short squat body, silver mushroom-shaped screw cap, black rubber sealing ring at neck junction","Matte black mini thermos, glossy lacquer finish, short squat body, silver mushroom-shaped screw cap, black rubber sealing ring at neck junction"
tumbler_091,Tumblers,test,lost_tumbler_91.png,found_tumbler_91.png,"Mint green metallic mini thermos, fine sparkle finish, short squat body, silver mushroom-shaped screw cap with integrated carry ring, black rubber sealing ring at neck junction","Mint green metallic mini thermos, fine sparkle finish, short squat body, silver mushroom-shaped screw cap with integrated carry ring, wide chrome-plated sealing ring at neck junction"
tumbler_092,Tumblers,train,lost_tumbler_92.png,found_tumbler_92.png,"White PoliFlask gourd-shaped mini thermos, matte silicone body with pinched waist, flat push-on lid, silver carabiner clip at lid, paracord wrist strap with coiled bead detail","White PoliFlask gourd-shaped mini thermos, matte silicone body with pinched waist, flat push-on lid, silver carabiner clip at lid, thin braided nylon wrist strap"
tumbler_093,Tumblers,val,lost_tumbler_93.png,found_tumbler_93.png,"Cream/off-white gourd-shaped tumbler, matte ceramic-look finish, pinched waist silhouette, terracotta brown silicone flat lid, small orange ""coffee"" text on lower body","Cream/off-white gourd-shaped tumbler, matte ceramic-look finish, pinched waist silhouette, sage green silicone flat lid, small orange ""coffee"" text on lower body"
tumbler_094,Tumblers,train,lost_tumbler_94.png,found_tumbler_94.png,"White PoliFlask gourd-shaped mini thermos, matte silicone body with pinched waist, powder blue flat push-on lid with small loop tab, ""PoliFlask"" logo on body","White PoliFlask gourd-shaped mini thermos, matte silicone body with straight cylindrical shape, powder blue flat push-on lid with small loop tab, ""PoliFlask"" logo on body"
tumbler_095,Tumblers,train,lost_tumbler_95.png,found_tumbler_95.png,"Cream/beige PoliFlask gourd-shaped thermos, matte silicone body with pinched waist, warm brown flat push-on lid with spout tab, ""PoliFlask"" logo on body, pink fluffy pom-pom charm with dangling legs attached via carabiner","Cream/beige PoliFlask gourd-shaped thermos, matte silicone body with pinched waist, olive green flat push-on lid with spout tab, ""PoliFlask"" logo on body, pink fluffy pom-pom charm with dangling legs attached via carabiner"
tumbler_096,Tumblers,test,lost_tumbler_96.png,found_tumbler_96.png,"White PoliFlask insulated coffee tumbler, matte finish, straight tapered body, recessed rectangular panel on side, snowflake logo above ""PoliFlask"" text, silver stainless rim band, white flip-tab snap lid, woven wrist strap","White PoliFlask insulated coffee tumbler, matte finish, straight tapered body, recessed rectangular panel on side, snowflake logo above ""PoliFlask"" text, silver stainless rim band, white flip-tab snap lid, leather loop handle"
tumbler_097,Tumblers,train,lost_tumbler_97.png,found_tumbler_97.png,"Matte black PoliFlask insulated coffee tumbler, smooth powder-coat finish, straight tapered body, recessed rectangular panel on side, snowflake logo above ""PoliFlask"" text, silver stainless rim band, white flip-tab snap lid, woven wrist strap","Matte black PoliFlask insulated coffee tumbler, glossy lacquer finish, straight tapered body, recessed rectangular panel on side, snowflake logo above ""PoliFlask"" text, silver stainless rim band, white flip-tab snap lid, woven wrist strap"
tumbler_098,Tumblers,train,lost_tumbler_98.png,found_tumbler_98.png,"Pink PoliFlask insulated coffee tumbler, matte finish, straight tapered body, recessed rectangular panel on side, snowflake logo above ""PoliFlask"" text, silver stainless rim band, white flip-tab snap lid, woven wrist strap","Pink PoliFlask insulated coffee tumbler, matte finish, wide barrel cylindrical body with no recessed panel, snowflake logo above ""PoliFlask"" text, silver stainless rim band, white flip-tab snap lid, woven wrist strap"
tumbler_099,Tumblers,train,lost_tumbler_99.png,found_tumbler_99.png,"Pale lavender PoliFlask insulated coffee tumbler, matte finish, straight tapered body, recessed rectangular panel on side, snowflake logo above ""PoliFlask"" text, silver stainless rim band, white flip-tab snap lid, woven wrist strap","Pale lavender PoliFlask insulated coffee tumbler, matte finish, straight tapered body, recessed rectangular panel on side, snowflake logo above ""PoliFlask"" text, matte black rim band, white flip-tab snap lid, woven wrist strap"
tumbler_100,Tumblers,test,lost_tumbler_100.png,found_tumbler_100.png,"Olive green PoliFlask insulated coffee tumbler, matte finish, straight tapered body, recessed rectangular panel on side, snowflake logo above ""PoliFlask"" text, silver stainless rim band, white flip-tab snap lid, woven wrist strap","Olive green PoliFlask insulated coffee tumbler, matte finish, straight tapered body, recessed rectangular panel on side, snowflake logo above ""PoliFlask"" text, silver stainless rim band, push-button flip lid with no tab, woven wrist strap"
charger_001,Chargers,train,lost_charger_01.jpg,found_charger_01.jpg,"White Xiaomi 67W wall charger, square blocky adapter, with a matching white USB cable featuring a red-accented USB-A connector end.","White Xiaomi 120W wall charger, square blocky adapter, with a matching white USB cable featuring a red-accented USB-A connector end."
charger_002,Chargers,train,lost_charger_02.jpg,found_charger_02.jpg,"Black Samsung Super Fast Charging wall charger, 45W PD, matte plastic finish,  with a black attached USB-C cable and Samsung brand sticker on the body.","Black Samsung Super Fast Charging wall charger, 45W PD, glossy plastic finish, with a black attached USB-C cable and Samsung brand sticker on the body."
charger_003,Chargers,train,lost_charger_03.jpg,found_charger_03.jpg,"White Apple 20W USB-C wall charger, rounded rectangular shape, embossed Apple logo on back, with a coiled white Lightning cable.","White Apple 30W USB-C wall charger, rounded rectangular shape, embossed Apple logo on back, with a coiled white Lightning cable."
charger_004,Chargers,train,lost_charger_04.jpg,found_charger_04.jpg,"White BAVIN wall charger, rounded square shape, matte plastic finish, ""Adaptive  Fast Charging"" lightning bolt logo printed on face, with a white USB-C cable.","White BAVIN wall charger, rounded square shape, matte plastic finish, ""Super Fast Charging"" lightning bolt logo printed on face, with a white USB-C cable."
charger_005,Chargers,train,lost_charger_05.jpg,found_charger_05.jpg,"Black square wall charger, matte finish, with a thick black cable bundled using a small leather cable tie, and rose gold-accented USB-C and Lightning connectors on each end.","Black square wall charger, matte finish, with a thick black cable bundled using a small velcro cable tie, and rose gold-accented USB-C and Lightning connectors on each end."
charger_006,Chargers,train,lost_charger_06.jpg,found_charger_06.jpg,"White UGREEN square wall charger, glossy plastic finish, with a white USB-C to Lightning cable with ""UGREEN"" printed on the Lightning connector end.","Black UGREEN square wall charger, glossy plastic finish, with a white USB-C to Lightning cable with ""UGREEN"" printed on the Lightning connector end."
charger_007,Chargers,train,lost_charger_07.jpg,found_charger_07.jpg,"Black UGREEN compact square wall charger, glossy plastic finish, with visible scratches/scuff marks on the surface.","White UGREEN compact square wall charger, glossy plastic finish, with visible scratches/scuff marks on the surface."
charger_008,Chargers,train,lost_charger_08.jpg,found_charger_08.jpg,"Dark gray square wall charger, 140W, matte-textured finish with rounded corners, paired with a thick black braided USB-C cable and a velcro cable strap.","Dark gray square wall charger, 65W, matte-textured finish with rounded corners, paired with a thick black braided USB-C cable and a velcro cable strap."
charger_009,Chargers,train,lost_charger_09.jpg,found_charger_09.jpg,"Silver-gray UGREEN Nexode Pro 100W GaN wall charger, brushed aluminum-look finish, compact square shape with ""UGREEN"" and ""100W Nexode Pro"" text clearly printed on the face.","Silver-gray UGREEN Nexode Pro 65W GaN wall charger, brushed aluminum-look finish, compact square shape with ""UGREEN"" and ""65W Nexode Pro"" text clearly printed on the face."
charger_010,Chargers,train,lost_charger_10.jpg,found_charger_10.jpg,"Dark gray UGREEN rounded capsule-shaped wall charger, two-tone matte metallic finish, compact pill-shaped body with a black base section.","Dark gray UGREEN rounded capsule-shaped wall charger, two-tone glossy metallic finish, compact pill-shaped body with a black base section."
charger_011,Chargers,train,lost_charger_11.jpg,found_charger_11.jpg,"Dark navy-gray square wall charger, matte finish, paired with a gray braided USB-C to USB-C cable with gunmetal-colored connectors.","Dark navy-gray square wall charger, matte finish, paired with a black smooth USB-C to USB-C cable with gunmetal-colored connectors."
charger_012,Chargers,train,lost_charger_12.jpg,found_charger_12.jpg,"Black square wall charger, matte finish, ""Super Fast Charging"" lightning bolt logo clearly printed on the front face, with a black smooth USB-C cable.","Black square wall charger, matte finish, ""Adaptive Fast Charging"" lightning bolt logo clearly printed on the front face, with a black smooth USB-C cable."
charger_013,Chargers,train,lost_charger_13.jpg,found_charger_13.jpg,"White Samsung square wall charger, matte plastic finish, ""SAMSUNG"" text printed on the body, with a white smooth USB-C cable.","White Samsung square wall charger, matte plastic finish, ""SAMSUNG"" text printed on the body, with a black smooth USB-C cable."
charger_014,Chargers,train,lost_charger_14.jpg,found_charger_14.jpg,"White rounded-rectangular wall charger, matte finish, compact square profile, with a white USB-C cable.","White rounded-rectangular wall charger, matte finish, compact square profile, with a black USB-C cable."
charger_015,Chargers,train,lost_charger_15.jpg,found_charger_15.jpg,"White compact square wall charger, matte finish with slightly rounded corners, with a white smooth cable featuring a Lightning connector end.","White compact square wall charger, matte finish with slightly rounded corners, with a black smooth cable featuring a Lightning connector end."
charger_016,Chargers,train,lost_charger_16.jpg,found_charger_16.jpg,"White Apple 30W wall charger, matte finish, ""30W"" and Apple logo embossed on the prong face, with a white smooth USB-C to Lightning cable.","White Apple 20W wall charger, matte finish, ""20W"" and Apple logo embossed on the prong face, with a white smooth USB-C to Lightning cable."
charger_017,Chargers,train,lost_charger_17.jpg,found_charger_17.jpg,"White Apple rounded-rectangular wall charger, matte finish, with a white braided USB-C to USB-C cable.","White Apple rounded-rectangular wall charger, matte finish, with a white smooth USB-C to USB-C cable."
charger_018,Chargers,train,lost_charger_18.jpg,found_charger_18.jpg,"White Apple square wall charger, matte finish, ""35W"" embossed on the prong face, with a white smooth USB-C to Lightning cable.","White Apple square wall charger, matte finish, ""30W"" embossed on the prong face, with a white smooth USB-C to Lightning cable."
charger_019,Chargers,train,lost_charger_19.jpg,found_charger_19.jpg,"Black Samsung compact square wall charger, matte plastic finish, with a black smooth USB-C to USB-C cable.","White Samsung compact square wall charger, matte plastic finish, with a black smooth USB-C to USB-C cable."
charger_020,Chargers,train,lost_charger_20.jpg,found_charger_20.jpg,"White Samsung compact square wall charger, matte plastic finish, with a white smooth USB-C cable.","White Samsung compact square wall charger, matte plastic finish, with a black smooth USB-C cable."
charger_021,Chargers,train,lost_charger_21.jpg,found_charger_21.jpg,"Black square wall charger, matte finish, with a black smooth USB-C to USB-C cable.","White square wall charger, matte finish, with a black smooth USB-C to USB-C cable."
charger_022,Chargers,train,lost_charger_22.jpg,found_charger_22.jpg,"White large square wall charger, matte plastic finish, rounded corners, with a white smooth USB-C cable.","White compact square wall charger, matte plastic finish, rounded corners, with a white smooth USB-C cable."
charger_023,Chargers,train,lost_charger_23.jpg,found_charger_23.jpg,"BAVIN Rounded Compact Charger (Images 2 & 7)White BAVIN rounded compact wall charger, glossy plastic finish, with a white smooth USB-A to USB-C cable.","White BAVIN rounded compact wall charger, matte plastic finish, with a white smooth USB-A to USB-C cable."
charger_024,Chargers,train,lost_charger_24.jpg,found_charger_24.jpg,"White BAVIN square wall charger, ""Adaptive Fast Charging"" lightning bolt logo on face, with a white smooth cable.","White BAVIN square wall charger, ""Adaptive Fast Charging"" lightning bolt logo on face, with a black smooth cable."
charger_025,Chargers,train,lost_charger_25.jpg,found_charger_25.jpg,"White Alibaba square wall charger, cursive ""Alibaba"" script text on face, with a white smooth cable.","White Alibaba rounded wall charger, cursive ""Alibaba"" script text on face, with a white smooth cable."
charger_026,Chargers,train,lost_charger_26.jpg,found_charger_26.jpg,"White Vivo compact square wall charger, ""vivo"" text on face, with a white smooth USB-C cable.","Black Vivo compact square wall charger, ""vivo"" text on face, with a white smooth USB-C cable."
charger_027,Chargers,train,lost_charger_27.jpg,found_charger_27.jpg,"Yellow 120W square wall charger, matte plastic finish, with a black braided cable and yellow-accented connector housings on both ends.","Yellow 65W square wall charger, matte plastic finish, with a black braided cable and yellow-accented connector housings on both ends."
charger_028,Chargers,train,lost_charger_28.jpg,found_charger_28.jpg,"Yellow 120W square wall charger, matte plastic finish, with a black braided cable and yellow-accented connector housings on both ends.","White Infinix compact rounded wall charger, matte plastic finish, with a white smooth USB-C cable."
charger_029,Chargers,train,lost_charger_29.jpg,found_charger_29.jpg,"Black 30W GaN compact wall charger, glossy plastic finish, large ""30 GaN W"" text embossed on face, ""30W GAN FAST CHARGER"" subtitle below.","Black 65W GaN compact wall charger, glossy plastic finish, large ""65 GaN W"" text embossed on face, ""65W GAN FAST CHARGER"" subtitle below."
charger_030,Chargers,val,lost_charger_30.jpg,found_charger_30.jpg,"White Essager square wall charger, matte plastic finish, ""Qualcomm Quick Charge 3.0"" logo and text printed on face.","Black 65W GaN compact wall charger, glossy plastic finish, large ""65 GaN W"" text embossed on face, ""65W GAN FAST CHARGER"" subtitle below."
charger_031,Chargers,val,lost_charger_31.jpg,found_charger_31.jpg,"Dark gray 65W square wall charger, brushed matte metallic finish, large ""65w"" text on face, with a black smooth USB-C cable.","Dark gray 140W square wall charger, brushed matte metallic finish, large ""140w"" text on face, with a black smooth USB-C cable."
charger_032,Chargers,val,lost_charger_32.jpg,found_charger_32.jpg,"Gray matte plastic Tranyoo PD20W wall charger, compact square brick form, paired with a black braided USB-C to USB-C cable.","Gray glossy plastic Tranyoo PD20W wall charger, compact square brick form, paired with a black braided USB-C to USB-C cable."
charger_033,Chargers,val,lost_charger_33.jpg,found_charger_33.jpg,"White BAVIN wall charger, cylindrical body with horizontal ribbed texture and a black vertical stripe panel, bundled with a white cable secured by a BAVIN-branded velcro strap.","White BAVIN wall charger, smooth flat-sided rectangular body with a black vertical stripe panel, bundled with a white cable secured by a BAVIN-branded velcro strap."
charger_034,Chargers,val,lost_charger_34.jpg,found_charger_34.jpg,"Plain white smooth matte plastic wall charger, compact rounded-rectangular brick form, bundled with a white cable and a plain velcro cable strap.","Plain white smooth matte plastic wall charger, compact tall narrow rectangular form, bundled with a white cable and a plain velcro cable strap."
charger_035,Chargers,val,lost_charger_35.jpg,found_charger_35.jpg,"Black matte plastic 40W wall charger, squared body with diagonal groove lines across the top face, small LED indicator dots on the side edge.","Black glossy plastic 40W wall charger, squared body with diagonal groove lines across the top face, small LED indicator dots on the side edge."
charger_036,Chargers,val,lost_charger_36.jpg,found_charger_36.jpg,"White Prolink wall charger, compact square matte plastic body, flat parallel prongs.","White Prolink wall charger, tall rectangular matte plastic body, flat parallel prongs."
charger_037,Chargers,val,lost_charger_37.jpg,found_charger_37.jpg,"White glossy plastic wall charger, compact square body, gray ""20W QC3.0+PD quick charger"" text with circled wattage badge on face.","White matte plastic wall charger, compact square body, gray ""20W QC3.0+PD quick charger"" text with circled wattage badge on face."
charger_038,Chargers,test,lost_charger_38.jpg,found_charger_38.jpg,"White ESSAGER wall charger, smooth matte plastic, compact square body with generously rounded corners.","White ESSAGER wall charger, smooth matte plastic, tall narrow rectangular body with sharp square corners."
charger_039,Chargers,test,lost_charger_39.jpg,found_charger_39.jpg,"Black Vention wall charger, diagonal crosshatch-ribbed matte plastic body, Vention logo in embossed rectangular badge, two-tone finish with glossy black top cap.","Black Vention wall charger, smooth flat matte plastic body, Vention logo in embossed rectangular badge, two-tone finish with glossy black top cap."
charger_040,Chargers,test,lost_charger_40.jpg,found_charger_40.jpg,"White matte plastic 22.5W wall charger, compact square body, ""22.5W DESIGNED BY QOOVI"" printed in gray on face, flat parallel prongs.","White matte plastic 22.5W wall charger, tall rectangular body, ""22.5W DESIGNED BY QOOVI"" printed in gray on face, flat parallel prongs."
charger_041,Chargers,test,lost_charger_41.jpg,found_charger_41.jpg,"White smooth plastic wall charger, compact square body with rounded corners, ""SUPER"" text with a thin gold horizontal line accent below it.","White smooth plastic wall charger, compact square body with rounded corners, ""SUPER"" text with a thin red horizontal line accent below it."
charger_042,Chargers,test,lost_charger_42.jpg,found_charger_42.jpg,"White ROMOSS wall charger, compact square matte plastic body, ""ROMOSS"" logo printed on face, single USB-A port on bottom edge.","White ROMOSS wall charger, compact square glossy plastic body, ""ROMOSS"" logo printed on face, single USB-A port on bottom edge."
charger_043,Chargers,train,lost_charger_43.jpg,found_charger_43.jpg,"White Jiditech compact cube wall charger, rounded square body with black trim band, ""Jiditech"" text on top face, built-in retractable multi-cable compartment on front","White Jiditech compact cube wall charger, rounded square body with black trim band, ""Jiditech"" text on top face, separate detachable cable port on front"
charger_044,Chargers,train,lost_charger_44.jpg,found_charger_44.jpg,"Lavender/lilac Orashare compact square wall charger, matte plastic finish, ""Orashare"" text on front face, built-in retractable USB-C prong on top","Lavender/lilac Orashare compact square wall charger, glossy plastic finish, ""Orashare"" text on front face, built-in retractable USB-C prong on top"
charger_045,Chargers,train,lost_charger_45.jpg,found_charger_45.jpg,"White UGREEN compact wall charger, rounded rectangular body, pink robot face graphic with chrome oval border and two curved eye details on front, ""UGREEN"" text below graphic, light blue bottom section","White UGREEN compact wall charger, rounded rectangular body, pink robot face graphic with chrome oval border and two curved eye details on front, ""UGREEN"" text below graphic, white bottom section"
charger_046,Chargers,val,lost_charger_46.jpg,found_charger_46.jpg,"White Belkin 45W compact square wall charger, matte plastic finish, ""belkin / 45W"" embossed text on front face, single USB-C port on front","White Belkin 45W compact square wall charger, matte plastic finish, ""belkin / 45W"" embossed text on front face, single USB-A port on front"
charger_047,Chargers,test,lost_charger_47.jpg,found_charger_47.jpg,"White Orashare 45W GaN compact square wall charger, matte plastic finish, ""45W / Orashare"" text on front face, flat two-prong plug","White Orashare 45W GaN compact square wall charger, matte plastic finish, ""45W / Orashare"" text on front face, folding two-prong plug"
charger_048,Chargers,train,lost_charger_48.jpg,found_charger_48.jpg,"White Philips compact square wall charger, glossy plastic finish, ""PHILIPS"" text in grey on front face, standard flat two-prong plug, no visible ports on front","White Philips compact square wall charger, matte plastic finish, ""PHILIPS"" text in grey on front face, standard flat two-prong plug, no visible ports on front"
charger_049,Chargers,train,lost_charger_49.jpg,found_charger_49.jpg,"Black UGREEN compact rectangular wall charger, matte plastic finish, anime character artwork printed on front face with yellow star accents on green background, ""UGREEN"" text at bottom of front face","Black UGREEN compact rectangular wall charger, matte plastic finish, anime character artwork printed on front face with yellow star accents on green background, ""UGREEN"" text at top of front face"
charger_050,Chargers,train,lost_charger_50.jpg,found_charger_50.jpg,"Black Baseus compact square wall charger, matte plastic finish, rounded corners, USB-C port on front face with ""⚡PD"" label","Black Baseus compact square wall charger, glossy plastic finish, rounded corners, USB-C port on front face with ""⚡PD"" label"
charger_051,Chargers,train,lost_charger_51.jpg,found_charger_51.jpg,"Dark grey Cuktech GaN 100W Power Adaptor, rectangular brick shape, teal/cyan accent trim along top edge, split-texture body with matte left panel and ribbed black right panel","Dark grey Cuktech GaN 100W Power Adaptor, rectangular brick shape, teal/cyan accent trim along top edge, split-texture body with matte left panel and smooth black right panel"
charger_052,Chargers,val,lost_charger_52.jpg,found_charger_52.jpg,"White Vention wall charger, matte plastic, tall rectangular body with rounded corners, EU two-pin round prongs, grey ""VENTION"" text on front face","White Vention wall charger, matte plastic, wide squat rectangular body with rounded corners, EU two-pin round prongs, grey ""VENTION"" text on front face"
charger_053,Chargers,train,lost_charger_53.jpg,found_charger_53.jpg,"Dark charcoal grey Essager GaN compact wall charger, matte plastic, tall rectangular body with slightly tapered top, ""ESSAGER|GAN"" text on front","Dark charcoal grey Essager GaN compact wall charger, matte plastic, tall rectangular body with slightly tapered top, ""ESSAGER|GAN"" text on the side"
charger_054,Chargers,train,lost_charger_54.jpg,found_charger_54.jpg,"White Vivo wall charger, matte plastic, compact rounded-rectangular body, US two-prong flat blade plug, ""vivo"" brand text and regulatory markings on the back face","White Vivo wall charger, matte plastic, tall narrow rounded-rectangular body, US two-prong flat blade plug, ""vivo"" brand text and regulatory markings on the back face"
charger_055,Chargers,val,lost_charger_55.jpg,found_charger_55.jpg,"White Hello Kitty by Sanrio compact square wall charger, matte plastic, US two-prong flat blade plug, Hello Kitty face graphic with pink bow and heart motifs printed on front","White Hello Kitty by Sanrio compact square wall charger, matte plastic, US two-prong flat blade plug, Hello Kitty face graphic with blue bow and heart motifs printed on front"
charger_056,Chargers,train,lost_charger_56.jpg,found_charger_56.jpg,"White TYLEX wall charger brick, matte plastic, compact square body, attached white cable with strain relief at both ends","White TYLEX wall charger brick, matte plastic, compact square body, attached white cable with no strain relief at both ends"
charger_057,Chargers,val,lost_charger_57.jpg,found_charger_57.jpg,"White Apple USB-C+C 35W Power Adapter, matte plastic, wide square body with rounded corners, dual USB-C ports on front face, US two-prong flat blade plug","White Apple USB-C+C 35W Power Adapter, matte plastic, wide square body with sharp square corners, dual USB-C ports on front face, US two-prong flat blade plug"
charger_058,Chargers,train,lost_charger_58.jpg,found_charger_58.jpg,"White Apple 20W USB-C wall adapter, matte plastic, compact square body with rounded corners, US two-prong flat blade plug; paired with a light blue woven braided USB-C to Lightning cable with white plastic connector housings","White Apple 20W USB-C wall adapter, matte plastic, compact square body with rounded corners, US two-prong flat blade plug; paired with a yellow woven braided USB-C to Lightning cable with white plastic connector housings"
charger_059,Chargers,train,lost_charger_59.jpg,found_charger_59.jpg,"White Apple 20W USB-C Power Adapter, matte plastic, tall rectangular body with rounded corners, single USB-C port on front face, US two-prong flat blade plug, ""20W"" label on rear","White Apple 20W USB-C Power Adapter, matte plastic, tall rectangular body with rounded corners, single USB-A port on front face, US two-prong flat blade plug, ""20W"" label on rear"
charger_060,Chargers,train,lost_charger_60.jpg,found_charger_60.jpg,"White and gold two-tone compact square wall adapter, matte plastic, UK three-prong plug with folding blades, paired with a white retractable multi-connector cable (USB-A, Lightning, and USB-C tips) stored in a round white disc spool","White and gold two-tone compact square wall adapter, matte plastic, UK three-prong plug with folding blades, paired with a white retractable multi-connector cable stored in a rectangular flat white spool"
charger_061,Chargers,train,lost_charger_61.jpg,found_charger_61.jpg,"White matte plastic wall charger, rectangular block shape, ""65W PD 3.0 Fast Charge"" text on front face, two USB-C ports and three USB-A ports with orange/red interiors stacked vertically on one side, two flat US prongs","White matte plastic wall charger, rectangular block shape, ""65W PD 3.0 Fast Charge"" text on front face, two USB-C ports and three USB-A ports with orange/red interiors stacked vertically on one side, two round EU prongs"
charger_062,Chargers,train,lost_charger_62.jpg,found_charger_62.jpg,"White square wall charger, matte plastic finish, ""Adapter Smart Charge 3.0"" text with lightning bolt icon on front face, two round EU prongs, compact cube proportions","White square wall charger, glossy plastic finish, ""Adapter Smart Charge 3.0"" text with lightning bolt icon on front face, two round EU prongs, compact cube proportions"
charger_063,Chargers,train,lost_charger_63.jpg,found_charger_63.jpg,"Sky blue compact square wall charger, solid matte plastic body, two flat US prongs on underside, no visible port on front face in both images","Sky blue compact square wall charger, solid glossy plastic body, two flat US prongs on underside, no visible port on front face in both images"
charger_064,Chargers,val,lost_charger_64.jpg,found_charger_64.jpg,"Silver/grey Tranyoo wall charger, matte metallic rectangular block, ""Super Fast 120W"" text on top edge, single USB-C port on bottom, two flat US prongs, accompanied by a black braided USB-C cable","Silver/grey Tranyoo wall charger, matte metallic rectangular block, ""Super Fast 120W"" text on top edge, single USB-C port on bottom, two flat US prongs, accompanied by a white rubber USB-C cable"
charger_065,Chargers,train,lost_charger_65.jpg,found_charger_65.jpg,"White Bisen compact square wall charger, matte plastic finish, ""Bisen Adaptive Fast Charging"" text with lightning bolt on front, single USB-A port, two flat US prongs, paired with a white Micro-USB cable","White Bisen compact square wall charger, matte plastic finish, ""Bisen Adaptive Fast Charging"" text with lightning bolt on front, single USB-A port, two flat US prongs, paired with a white USB-C cable"
charger_066,Chargers,train,lost_charger_66.jpg,found_charger_66.jpg,"Yellow compact square wall charger, matte plastic body, ""120W"" text on front face, two flat US prongs, accompanied by a black braided cable with yellow accents at the connector ends","Yellow compact square wall charger, matte plastic body, ""120W"" text on front face, two flat US prongs, accompanied by a white rubber cable with yellow accents at the connector ends"
charger_067,Chargers,train,lost_charger_67.jpg,found_charger_67.jpg,"ULine square wall charger, white-to-purple gradient glossy finish — white at top fading to solid purple at bottom — ""ULine"" text on front, single USB-C port, two flat US prongs, paired with a matching white-to-lavender gradient USB-C cable","ULine square wall charger, white-to-purple gradient glossy finish — white at top fading to solid purple at bottom — ""ULine"" text on front, single USB-C port, two flat US prongs, paired with a solid white USB-C cable"
charger_068,Chargers,test,lost_charger_68.jpg,found_charger_68.jpg,"Light blue UGREEN wall charger, glossy plastic cube body, dual flat prongs visible on front face","Light blue UGREEN wall charger, matte plastic cube body, dual flat prongs visible on front face"
charger_069,Chargers,train,lost_charger_69.jpg,found_charger_69.jpg,"Purple/lavender wall charger, compact square body with ribbed/quilted texture on casing, dual flat prongs","Purple/lavender wall charger, compact square body with smooth flat texture on casing, dual flat prongs"
charger_070,Chargers,train,lost_charger_70.jpg,found_charger_70.jpg,"Pink GaN wall charger, matte rectangular body, transparent prong housing at base, paired with pink braided USB-C cable","Pink GaN wall charger, matte square body, transparent prong housing at base, paired with pink braided USB-C cable"
charger_071,Chargers,test,lost_charger_71.jpg,found_charger_71.jpg,"Pink two-tone wall charger, matte square body with darker pink/grey accent stripe on top half, paired with pink multi-connector braided cable","Pink two-tone wall charger, matte rounded rectangular body with darker pink/grey accent stripe on top half, paired with pink multi-connector braided cable"
charger_072,Chargers,train,lost_charger_72.jpg,found_charger_72.jpg,"White BISEN wall charger, glossy plastic body with hot pink accent trim around the base edge, paired with flat hot pink micro-USB cable","White BISEN wall charger, glossy plastic body with blue accent trim around the base edge, paired with flat hot pink micro-USB cable"
charger_073,Chargers,train,lost_charger_73.jpg,found_charger_73.jpg,"Yellow GaN wall charger, flat rectangular body with black graphic print, black flat braided cable","Yellow GaN wall charger, rounded square body with black graphic print, black flat braided cable"
charger_074,Chargers,train,lost_charger_74.jpg,found_charger_74.jpg,"Silver/grey Hinar wall charger, glossy rounded-square pebble-shaped body, paired with flat grey USB-C cable","Silver/grey Hinar wall charger, glossy sharp-cornered rectangular body, paired with flat grey USB-C cable"
charger_075,Chargers,test,lost_charger_75.jpg,found_charger_75.jpg,"Pink rhinestone-covered wall charger, fully encrusted glittery crystal surface on square body, dual flat prongs, paired with iridescent spiral-wrapped cable","Pink rhinestone-covered wall charger, fully encrusted glittery crystal surface on rounded rectangular body, dual flat prongs, paired with iridescent spiral-wrapped cable"
charger_076,Chargers,train,lost_charger_76.jpg,found_charger_76.jpg,"Clear/transparent wall charger, wavy scalloped-edge square body, white 3D flower embellishments on casing, paired with silver metallic coil-wrapped cable","Clear/transparent wall charger, wavy scalloped-edge square body, white 3D flower embellishments on casing, paired with smooth flat silver cable"
charger_077,Chargers,train,lost_charger_77.jpg,found_charger_77.jpg,"Clear/transparent wall charger, square body with pink 3D Sanrio character figurines on top surface, paired with blue-pink iridescent spiral-wrapped cable","Clear/transparent wall charger, square body with pink 3D Sanrio character figurines on top surface, paired with black braided cable"
charger_078,Chargers,train,lost_charger_78.jpg,found_charger_78.jpg,"White wall charger, square matte body with black Kuromi cartoon sticker wrap covering the front face, paired with black braided cable","White wall charger, square matte body with pink cartoon sticker wrap covering the front face, paired with black braided cable"
charger_079,Chargers,test,lost_charger_79.jpg,found_charger_79.jpg,"Clear cat-shaped wall charger case, 3D sculpted cat face with large protruding yellow eyes and pink nose detail, paired with white spiral-wrapped cable","Clear cat-shaped wall charger case, 3D sculpted cat face with large protruding blue eyes and pink nose detail, paired with white spiral-wrapped cable"
charger_080,Chargers,train,lost_charger_80.jpg,found_charger_80.jpg,"White wall charger, square body with black cat ""Black Cat"" graphic print wrap, paired with black spiral-wrapped cable with matching printed cable protector","White wall charger, rounded square body with black cat ""Black Cat"" graphic print wrap, paired with black spiral-wrapped cable with matching printed cable protector"
charger_081,Chargers,test,lost_charger_81.png,found_charger_81.png,"Pink multi-port wall charger with rectangular housing, dual USB-C ports with indicator lights, matte finish","Pink multi-port wall charger with hexagonal housing, dual USB-C ports with indicator lights, matte finish"
charger_082,Chargers,train,lost_charger_82.png,found_charger_82.png,"Lavender USB-C charging cable with dual-port wall adapter, rounded square connector design, matte plastic finish","Lavender USB-C charging cable with dual-port wall adapter, glossy plastic finish, rounded square connector design"
charger_083,Chargers,test,lost_charger_83.png,found_charger_83.png,"Beige USB-C charging cable with dual-port wall adapter, compact rectangular design, matte finish","Beige USB-C charging cable with dual-port wall adapter, pebbled textured finish, compact rectangular design"
charger_084,Chargers,val,lost_charger_84.png,found_charger_84.png,"Red M-branded dual USB-C cable with metal connectors, braided rubber coating, compact design","Red M-branded dual USB-C cable with plastic connectors, braided rubber coating, compact design"
charger_085,Chargers,train,lost_charger_85.png,found_charger_85.png,"Pink ONN Lightning to USB cable with clear-coat connector casing, matte silicone cable, standard USB connector","Pink ONN Lightning to USB cable with opaque connector casing, matte silicone cable, standard USB connector"
charger_086,Chargers,train,lost_charger_86.png,found_charger_86.png,"Lavender Lightning to USB-C charging cable with wall adapter, 128W power rating, flat nylon braided design","Lavender Lightning to USB-C charging cable with wall adapter, 128W power rating, round silicone rubber design"
charger_087,Chargers,train,lost_charger_87.png,found_charger_87.png,"Blue braided USB dual cable with metal connectors and plastic cable organizer, high quality construction","Blue braided USB dual cable with rubber cable organizer and plastic connectors, high quality construction"
charger_088,Chargers,train,lost_charger_88.png,found_charger_88.png,"Navy blue braided USB-Lightning cable with blue connector caps, dual loop design","Navy blue braided USB-Lightning cable with red connector caps, dual loop design"
charger_089,Chargers,test,lost_charger_89.png,found_charger_89.png,"Orange USB dual cable with tan leather cable organizer and white metal connectors, braided nylon design","Orange USB dual cable with gray leather cable organizer and white metal connectors, braided nylon design"
charger_090,Chargers,train,lost_charger_90.png,found_charger_90.png,"Poppy brand USB-A cable with cable protectors and brown leather organizer, matte finish housing","Poppy brand USB-A cable with silicone cable protectors and brown leather organizer, glossy finish housing"
charger_091,Chargers,train,lost_charger_91.png,found_charger_91.png,"Poppy brand USB-A to USB-C cable, 10 feet, beige braided nylon design, pink bow-tie cable organizers","Poppy brand USB-A to USB-C cable, 10 feet, beige smooth rubber design, pink bow-tie cable organizers"
charger_092,Chargers,train,lost_charger_92.png,found_charger_92.png,"Purple silicone USB charging cable with purple cloud emoji keychain, white cable organizer","Purple silicone USB charging cable with purple heart emoji keychain, white cable organizer"
charger_093,Chargers,test,lost_charger_93.png,found_charger_93.png,"Pink silicone USB-C charging cable with pink cat face keychain, matte finish","Pink silicone USB-C charging cable with pink dog face keychain, matte finish"
charger_094,Chargers,train,lost_charger_94.png,found_charger_94.png,"Pink doll character keychain with USB-C to USB-A cable, soft silicone housing","Pink doll character keychain with USB-A to USB-C cable, hard plastic housing"
charger_095,Chargers,train,lost_charger_95.png,found_charger_95.png,"Lavender ONN USB-C to USB cable with clear-coat connector casing, matte silicone design","Lavender ONN USB-C to USB cable with opaque connector casing, matte silicone design"
charger_096,Chargers,val,lost_charger_96.png,found_charger_96.png,"Pinkpower brand USB-C cable, 4 feet, magenta braided mesh connector design with aluminum reinforced heads","Pinkpower brand USB-C cable, 4 feet, magenta smooth rubber connector design with aluminum reinforced heads"
charger_097,Chargers,train,lost_charger_97.png,found_charger_97.png,"Lavender ONN Lightning to USB cable with clear-coat connector casing, matte silicone finish","Lavender ONN Lightning to USB cable with opaque connector casing, matte silicone finish"
charger_098,Chargers,train,lost_charger_98.png,found_charger_98.png,Blue USB charging cable with blue rubber cable organizer and black textured wrap grip,Blue USB charging cable with blue rubber cable organizer and white textured wrap grip
charger_099,Chargers,test,lost_charger_99.png,found_charger_99.png,"White USB charging cable with dual golden animal character keychains, silicone design","White USB charging cable with dual pink animal character keychains, silicone design"
charger_100,Chargers,train,lost_charger_100.png,found_charger_100.png,"LUOATIP 20W USB-C Power Adapter with white USB-C to USB-C cable, compact rectangular housing","LUOATIP 20W USB-C Power Adapter with white USB-C to USB-A cable, compact rectangular housing"
handkerchief_001,Handkerchiefs,train,lost_handkerchief_01.jpg,found_handkerchief_01.jpg,"Light blue cotton handkerchief, dark charcoal parallel border stripes on all four edges, plain woven center field.","Light blue cotton handkerchief, dark charcoal parallel border stripes on all four edges, fine diagonal twill-woven center field."
handkerchief_002,Handkerchiefs,train,lost_handkerchief_02.png,found_handkerchief_02.jpg,"White/cream cotton handkerchief, green and deep burgundy tartan plaid pattern, loosely gauze-like open weave, lightweight fabric.","White/cream cotton handkerchief, green and deep burgundy tartan plaid pattern, dense tight broadcloth weave, lightweight fabric."
handkerchief_003,Handkerchiefs,train,lost_handkerchief_03.jpeg,found_handkerchief_03.jpg,"Dark navy cotton handkerchief, bold vertical parallel stripes in medium blue and white running across the full face.","Dark navy cotton handkerchief, bold diagonal parallel stripes in medium blue and white running across the full face."
handkerchief_004,Handkerchiefs,train,lost_handkerchief_04.png,found_handkerchief_04.png,"Dark navy cotton handkerchief, large bold blue-and-white block plaid/checkered pattern, visible rolled hem edge.","Dark navy cotton handkerchief, fine micro-check blue-and-white plaid pattern, visible rolled hem edge."
handkerchief_005,Handkerchiefs,train,lost_handkerchief_05.jpg,found_handkerchief_05.jpg,"Light blue cotton handkerchief, oversized block plaid pattern in two shades of blue and white, narrow gray border stripe along the hem.","Light blue cotton handkerchief, oversized block plaid pattern in two shades of blue and white, wide dark navy border stripe along the hem."
handkerchief_006,Handkerchiefs,train,lost_handkerchief_06.jpg,found_handkerchief_06.jpg,"Dark-field cotton handkerchief, large windowpane grid pattern in cream/white lines, woven gray border hem on all edges.","Dark-field cotton handkerchief, fine dense micro-check pattern in cream/white lines, woven gray border hem on all edges."
handkerchief_007,Handkerchiefs,train,lost_handkerchief_07.jpg,found_handkerchief_07.jpg,"Burgundy and sky-blue cotton tartan plaid handkerchief, medium-scale check blocks, thin white accent lines intersecting throughout.","Burgundy and sky-blue cotton tartan plaid handkerchief, large bold oversized block check pattern, thin white accent lines intersecting throughout."
handkerchief_008,Handkerchiefs,train,lost_handkerchief_08.jpg,found_handkerchief_08.jpg,"Royal blue cotton handkerchief, dense vertical white pin-stripes across the main body, small grid-check panel visible on the folded lower section.","Royal blue cotton handkerchief, dense horizontal white pin-stripes across the main body, small grid-check panel visible on the folded lower section."
handkerchief_009,Handkerchiefs,train,lost_handkerchief_09.png,found_handkerchief_09.png,"Pale blue cotton handkerchief, ultra-fine micro-check weave with blue and rust/brown thread crosshatch, bright cyan/teal solid border stripe along all edges.","Pale blue cotton handkerchief, ultra-fine micro-check weave with blue and rust/brown thread crosshatch, narrow dark gray solid border stripe along all edges."
handkerchief_010,Handkerchiefs,train,lost_handkerchief_10.png,found_handkerchief_10.jpg,"Turquoise/cyan cotton handkerchief, bold plaid pattern with white and orange/amber accent stripes, plain woven finish.","Turquoise/cyan cotton handkerchief, bold plaid pattern with white and olive green accent stripes, plain woven finish."
handkerchief_011,Handkerchiefs,train,lost_handkerchief_11.png,found_handkerchief_11.png,"Lime green gingham check cotton handkerchief with white stripe and purple accent line, soft woven texture.","Lime green gingham check cotton handkerchief with white stripe and navy accent line, soft woven texture."
handkerchief_012,Handkerchiefs,train,lost_handkerchief_12.png,found_handkerchief_12.png,"Cream cotton handkerchief with multicolor horizontal stripe border pattern in blue, yellow, and pink tones, flat woven finish.","Cream cotton handkerchief with multicolor vertical stripe border pattern in blue, yellow, and pink tones, flat woven finish."
handkerchief_013,Handkerchiefs,train,lost_handkerchief_13.png,found_handkerchief_13.jpg,"Blue cotton handkerchief with multicolor daisy flower print, centers in yellow, green, and pink, delicate floral pattern.","Blue cotton handkerchief with multicolor daisy flower print, centers in white and cream only, delicate floral pattern."
handkerchief_014,Handkerchiefs,train,lost_handkerchief_14.png,found_handkerchief_14.jpg,"White cotton handkerchief with vibrant multicolor daisy and wildflower print, magenta, purple, blue, and yellow blooms with green stems and leaves.","Pastel pink cotton handkerchief with vibrant multicolor daisy and wildflower print, magenta, purple, blue, and yellow blooms with green stems and leaves."
handkerchief_015,Handkerchiefs,train,lost_handkerchief_15.jpg,found_handkerchief_15.jpg,"Bright cobalt blue cotton handkerchief with smooth matte finish, compact folded size, rectangular shape.","Bright cobalt blue cotton handkerchief with textured quilted finish, compact folded size, rectangular shape."
handkerchief_016,Handkerchiefs,train,lost_handkerchief_16.jpg,found_handkerchief_16.jpg,"Plain blue handkerchief, solid color, smooth thin folded cloth","Plain blue handkerchief, solid color, rough textured thick folded cloth"
handkerchief_017,Handkerchiefs,train,lost_handkerchief_17.png,found_handkerchief_17.jpg,"Red floral patterned cotton handkerchief, white flower print, thin folded rectangular cloth","Red floral patterned satin handkerchief, white flower print, thin folded rectangular cloth"
handkerchief_018,Handkerchiefs,train,lost_handkerchief_18.jpg,found_handkerchief_18.jpg,"Black geometric patterned handkerchief, small grid design, soft folded rectangular cloth","Black geometric patterned handkerchief, large checkerboard design, soft folded rectangular cloth"
handkerchief_019,Handkerchiefs,train,lost_handkerchief_19.jpg,found_handkerchief_19.jpg,"Light pink printed handkerchief, cartoon girl and small figures, thin soft fabric","Light pink printed handkerchief, cartoon girl and small figures, thick wool fabric"
handkerchief_020,Handkerchiefs,train,lost_handkerchief_20.jpg,found_handkerchief_20.jpg,"Pink dessert-themed handkerchief, ice cream and sweets print, square cloth with red border","Pink dessert-themed handkerchief, ice cream and sweets print, square cloth with blue border"
handkerchief_021,Handkerchiefs,train,lost_handkerchief_21.jpg,found_handkerchief_21.jpg,"Light blue and pink plaid handkerchief, small check pattern, thin folded square cloth","Light blue and pink plaid handkerchief, large check pattern, thin folded square cloth"
handkerchief_022,Handkerchiefs,train,lost_handkerchief_22.png,found_handkerchief_22.jpg,"Light green printed handkerchief, repeating small bicycle pattern, dark edge border","Light green printed handkerchief, repeating large bicycle pattern, dark edge border"
handkerchief_023,Handkerchiefs,train,lost_handkerchief_23.jpg,found_handkerchief_23.png,"Orange and blue plaid handkerchief, grid pattern, thin folded rectangular cloth","Orange and blue plaid handkerchief, striped pattern, thin folded rectangular cloth"
handkerchief_024,Handkerchiefs,train,lost_handkerchief_24.jpg,found_handkerchief_24.jpg,"Red plaid patterned handkerchief, green border stripes, thin folded rectangular cloth","Red plaid patterned handkerchief, blue border stripes, thin folded rectangular cloth"
handkerchief_025,Handkerchiefs,train,lost_handkerchief_25.png,found_handkerchief_25.jpg,"Plain white handkerchief, subtle stitched lines, soft folded square cloth","Plain white handkerchief, no stitched lines, soft folded square cloth"
handkerchief_026,Handkerchiefs,val,lost_handkerchief_26.jpg,found_handkerchief_26.jpg,"Multicolor floral print handkerchief, small square shape, thin cotton fabric with dark blue border","Multicolor floral print handkerchief, small square shape, thick wool fabric with dark blue border"
handkerchief_027,Handkerchiefs,test,lost_handkerchief_27.png,found_handkerchief_27.png,"Multicolor floral print handkerchief, small square shape, dense repeating flower pattern with blue edging","Multicolor floral print handkerchief, small square shape, sparse large flower pattern with blue edging"
handkerchief_028,Handkerchiefs,val,lost_handkerchief_28.png,found_handkerchief_28.png,"Blue yellow and green plaid handkerchief, lightweight fabric, evenly spaced check pattern","Blue yellow and green plaid handkerchief, glossy satin fabric, evenly spaced check pattern"
handkerchief_029,Handkerchiefs,val,lost_handkerchief_29.png,found_handkerchief_29.png,"Red patterned handkerchief, smooth glossy fabric, paisley ornamental design","Red patterned handkerchief, rough matte fabric, paisley ornamental design"
handkerchief_030,Handkerchiefs,val,lost_handkerchief_30.png,found_handkerchief_30.png,"Multicolor paisley pattern handkerchief, smooth fabric, intricate curved motifs with dark border","Multicolor paisley pattern handkerchief, smooth fabric, simple geometric square motifs with dark border"
handkerchief_031,Handkerchiefs,val,lost_handkerchief_31.png,found_handkerchief_31.png,"Multicolor floral print scarf, silky fabric, soft draped texture","Multicolor floral print scarf, coarse cotton fabric, soft draped texture"
handkerchief_032,Handkerchiefs,val,lost_handkerchief_32.png,found_handkerchief_32.png,"White silky scarf, blue and yellow floral pattern, tassel edge detail","White silky scarf, blue and yellow floral pattern, straight hem edge"
handkerchief_033,Handkerchiefs,val,lost_handkerchief_33.png,found_handkerchief_33.png,"White satin scarf with repeated multicolor “H” letter pattern, glossy smooth surface","White satin scarf with repeated multicolor “H” letter pattern, matte fabric surface"
handkerchief_034,Handkerchiefs,test,lost_handkerchief_34.png,found_handkerchief_34.png,"Beige and navy geometric pattern scarf, satin finish, orange border trim","Beige and navy geometric pattern scarf, satin finish, no border trim"
handkerchief_035,Handkerchiefs,test,lost_handkerchief_35.png,found_handkerchief_35.png,"Black and white monogram pattern scarf, smooth silky texture, folded rectangular shape","Black and white monogram pattern scarf, rough textured fabric, folded rectangular shape"
handkerchief_036,Handkerchiefs,test,lost_handkerchief_36.jpg,found_handkerchief_36.png,"Black satin scarf with white polka dots, glossy finish, folded flat shape","Black satin scarf with white polka dots, wrinkled crumpled shape, folded flat shape"
handkerchief_037,Handkerchiefs,train,lost_handkerchief_37.jpg,found_handkerchief_37.jpg,"White Lancel Paris handkerchief, multicolour paisley and floral vine print on white centre, navy blue border with repeating geometric tile pattern, purple and gold accent colours throughout.","White Lancel Paris handkerchief, multicolour paisley and floral vine print on white centre, navy blue border with solid plain pattern, purple and gold accent colours throughout."
handkerchief_038,Handkerchiefs,train,lost_handkerchief_38.jpg,found_handkerchief_38.jpg,"The North Face ""Never Stop Exploring"" bandana, light blue and dark navy two-tone colourway, four-panel nature scene illustration, repeating ""The North Face"" text border on all edges.","The North Face ""Never Stop Exploring"" bandana, light blue and dark navy two-tone colourway, four-panel nature scene illustration, solid dark navy border on all edges."
handkerchief_039,Handkerchiefs,train,lost_handkerchief_39.jpg,found_handkerchief_39.jpg,"White Christian Dior handkerchief, completely plain smooth woven face with no surface pattern, small black rectangular ""Christian Dior"" woven label on corner.","White Christian Dior handkerchief, all-over tone-on-tone monogram jacquard weave across face, small black rectangular ""Christian Dior"" woven label on corner."
handkerchief_040,Handkerchiefs,train,lost_handkerchief_40.jpg,found_handkerchief_40.jpg,"White Givenchy handkerchief, all-over tone-on-tone GV monogram repeat jacquard pattern across upper face, small navy blue rectangular ""Givenchy"" woven label on corner.","White Givenchy handkerchief, all-over tone-on-tone GV monogram repeat jacquard pattern across upper face, small red rectangular ""Givenchy"" woven label on corner."
handkerchief_041,Handkerchiefs,val,lost_handkerchief_41.jpg,found_handkerchief_41.jpg,"Steel blue-grey Hanasenka ""Flower Series"" handkerchief, all-over raised silver thread floral embroidery on fabric face, large-scale lily and rose motifs, oval ""HANASENKA"" product label affixed to surface.","Steel blue-grey Hanasenka ""Flower Series"" handkerchief, all-over raised silver thread floral embroidery on fabric face, large-scale lily and rose motifs, rectangular woven corner ""HANASENKA"" label"
handkerchief_042,Handkerchiefs,train,lost_handkerchief_42.jpg,found_handkerchief_42.jpg,"Cream/off-white Jim Thompson silk handkerchief, large-scale bold orchid illustration in brown, tan, and green on plain ground, black outline stained-glass style print, cursive ""Jim Thompson"" signature printed on corner.","Cream/off-white Jim Thompson silk handkerchief, large-scale bold orchid illustration in pink, purple, and green on plain ground, black outline stained-glass style print, cursive ""Jim Thompson"" signature printed on corner."
handkerchief_043,Handkerchiefs,val,lost_handkerchief_43.jpg,found_handkerchief_43.jpg,"Teal green mont-bell bandana, all-over multicolour camping and outdoor icon scatter print in orange, yellow, navy, and brown, large bold ""mont-bell"" text printed across centre.","Teal green mont-bell bandana, all-over multicolour camping and outdoor icon scatter print in orange, yellow, navy, and brown, large bold ""mont-bell"" text printed across centre, in a red colourway."
handkerchief_044,Handkerchiefs,test,lost_handkerchief_44.jpg,found_handkerchief_44.jpg,"White Nina Ricci handkerchief, scattered navy and mint small floral print across face, dense floral sprig bouquet motif in lower corner, navy overlock-stitched hem border, cursive ""Nina Ricci"" signature printed on face.","White Nina Ricci handkerchief, scattered navy and mint small floral print across face, dense floral sprig bouquet motif in lower corner, white rolled hem border, cursive ""Nina Ricci"" signature printed on face."
handkerchief_045,Handkerchiefs,train,lost_handkerchief_45.jpg,found_handkerchief_45.jpg,"Pale pink Pierre Balmain handkerchief, all-over scattered pink rose and bud print with green vine stems on pink ground, ""PIERRE BALMAIN"" brand name printed along bottom hem edge.","Pale pink Pierre Balmain handkerchief, all-over scattered pink rose and bud print with green vine stems on pink ground, ""PIERRE BALMAIN"" brand name printed along centre face."
handkerchief_046,Handkerchiefs,train,lost_handkerchief_46.jpg,found_handkerchief_46.jpg,"White renoma handkerchief, multi-stripe tartan plaid border in navy, blue, and grey woven stripes, plain white centre panel, ""renoma"" brand name printed on inner border zone.","White renoma handkerchief, multi-stripe tartan plaid border in red, navy, and grey woven stripes, plain white centre panel, ""renoma"" brand name printed on inner border zone."
handkerchief_047,Handkerchiefs,train,lost_handkerchief_47.jpg,found_handkerchief_47.jpg,"Cream WAKO handkerchief, all-over illustrated tassel and twisted rope print in purple, teal, gold, and olive tones, ""WAKO"" text printed on ribbon banner motifs within the illustration.","Cream WAKO handkerchief, all-over illustrated tassel and twisted rope print in purple, teal, gold, and olive tones, ""WAKO"" text printed on circular medallion motifs within the illustration."
handkerchief_048,Handkerchiefs,train,lost_handkerchief_48.jpg,found_handkerchief_48.jpg,"Grey Yves Saint Laurent handkerchief, vertical dark charcoal and mid-grey stripe body, tone-on-tone abstract YSL script monogram pattern on side panel zones, small black rectangular ""YvesSaintLaurent"" label with purple embroidered YSL logo on corner.","Grey Yves Saint Laurent handkerchief, vertical dark charcoal and mid-grey stripe body, tone-on-tone abstract YSL script monogram pattern on side panel zones, small white rectangular ""YvesSaintLaurent"" label with purple embroidered YSL logo on corner."
handkerchief_049,Handkerchiefs,train,lost_handkerchief_49.jpg,found_handkerchief_49.jpg,"Light blue YSL handkerchief, cotton terry cloth texture, white raised loop grid pattern, small blue and green square accent dots at grid intersections, silver YSL monogram embroidered at corner","Light blue YSL handkerchief, smooth woven cotton texture, white raised loop grid pattern, small blue and green square accent dots at grid intersections, silver YSL monogram embroidered at corner"
handkerchief_050,Handkerchiefs,val,lost_handkerchief_50.jpg,found_handkerchief_50.jpg,"White Celine Paris square handkerchief, smooth cotton, large pink and purple peony floral print on ivory centre, gold baroque chain motif overlay, wide navy blue border with gold scrolling acanthus leaf pattern","White Celine Paris square handkerchief, smooth cotton, large pink and purple peony floral print on ivory centre, gold baroque chain motif overlay, wide burgundy border with gold scrolling acanthus leaf pattern"
handkerchief_051,Handkerchiefs,train,lost_handkerchief_51.jpg,found_handkerchief_51.jpg,"Dark forest green Pierre Balmain tartan handkerchief, bold amber/brown and black woven plaid stripes across full face, thin blue hem border, ""PIERRE BALMAIN PARIS"" text printed on inner face.","Dark forest green Pierre Balmain tartan handkerchief, bold red and black woven plaid stripes across full face, thin blue hem border, ""PIERRE BALMAIN PARIS"" text printed on inner face."
handkerchief_052,Handkerchiefs,train,lost_handkerchief_52.jpg,found_handkerchief_52.jpg,"Blush pink Pierre Balmain Paris handkerchief, smooth cotton, all-over deep pink tulip floral print with green stems, thin gold baroque scroll border at edges","Blush pink Pierre Balmain Paris handkerchief, smooth cotton, all-over deep pink tulip floral print with green stems, thin simple hemstitched border at edges"
handkerchief_053,Handkerchiefs,val,lost_handkerchief_53.jpg,found_handkerchief_53.jpg,"Pink Pierre Cardin handkerchief, sheer lightweight cotton, watercolour-style multi-toned pink and coral floral print, scalloped stitched edge border","Pink Pierre Cardin handkerchief, sheer lightweight cotton, watercolour-style multi-toned pink and coral floral print, straight hemmed edge border"
handkerchief_054,Handkerchiefs,train,lost_handkerchief_54.jpg,found_handkerchief_54.jpg,"White and pink Royal Doulton handkerchief, smooth satin-finish cotton, pink rose cluster print arranged in a wreath formation with gold baroque scroll frame, solid pink border with satin-stitched hem","White and pink Royal Doulton handkerchief, smooth satin-finish cotton, pink rose cluster print arranged in a wreath formation with gold baroque scroll frame, solid lavender border with satin-stitched hem"
handkerchief_055,Handkerchiefs,test,lost_handkerchief_55.jpg,found_handkerchief_55.jpg,"Red-bordered Sailor Moon Stars cotton handkerchief, screen-printed anime characters in bold primary-coloured panel layout — yellow, green, and white quadrant sections, ""SAILORSTARS"" text printed across top","Red-bordered Sailor Moon Stars cotton handkerchief, screen-printed anime characters in bold primary-coloured panel layout — yellow, green, and white quadrant sections, ""SAILORMOON"" text printed across top"
handkerchief_056,Handkerchiefs,train,lost_handkerchief_56.jpg,found_handkerchief_56.jpg,"White Wedgwood cotton handkerchief, smooth weave, botanical wild strawberry vine print with red berries, pink blossoms and green leaves, solid light blue border along all edges","White Wedgwood cotton handkerchief, smooth weave, botanical wild strawberry vine print with red berries, pink blossoms and green leaves, solid mint green border along all edges"
handkerchief_057,Handkerchiefs,train,lost_handkerchief_57.jpg,found_handkerchief_57.jpg,"Red Winkipinki cotton handkerchief, red and white gingham check pattern with small tulip motifs in each white square, illustrated brown cat character in a navy dress at centre, ""Winkipinki"" script text along all border edges","Red Winkipinki cotton handkerchief, red and white gingham check pattern with small tulip motifs in each white square, illustrated brown cat character in a pink dress at centre, ""Winkipinki"" script text along all border edges"
handkerchief_058,Handkerchiefs,train,lost_handkerchief_58.jpg,found_handkerchief_58.jpg,"Pink YSL cotton handkerchief, all-over tone-on-tone rope knot and loop pattern on white centre panel, solid pink border with white rope motif repeat, thin dashed inner border line separating centre from border","Pink YSL cotton handkerchief, all-over tone-on-tone rope knot and loop pattern on white centre panel, solid pink border with white rope motif repeat, thick solid inner border line separating centre from border"
handkerchief_059,Handkerchiefs,train,lost_handkerchief_59.jpg,found_handkerchief_59.jpg,"Black and white Christian Dior cotton handkerchief, bold radiating swirl stripe pattern emanating from a peach circular medallion at centre, gold floral scroll border with peach oval cameo motifs at corners, dark navy outer edge","Black and white Christian Dior cotton handkerchief, bold radiating swirl stripe pattern emanating from a peach circular medallion at centre, silver floral scroll border with peach oval cameo motifs at corners, dark navy outer edge"
handkerchief_060,Handkerchiefs,val,lost_handkerchief_60.jpg,found_handkerchief_60.jpg,"Light blue Wedgwood large cotton handkerchief/furoshiki, sheer lightweight fabric, blue ribbon and bow garland print along top, wild strawberry botanical motifs on circular plate and teapot/teacup illustrations, ""WEDGWOOD England Est. 1759"" crest at centre, solid blue stripe border at bottom","Light blue Wedgwood large cotton handkerchief/furoshiki, sheer lightweight fabric, pink ribbon and bow garland print along top, wild strawberry botanical motifs on circular plate and teapot/teacup illustrations, ""WEDGWOOD England Est. 1759"" crest at centre, solid blue stripe border at bottom"
handkerchief_061,Handkerchiefs,train,lost_handkerchief_61.jpg,found_handkerchief_61.jpg,"White cotton bandana/kerchief, Smokey Bear face with yellow ranger hat and ""SMOKEY"" text printed at center, fire safety slogans in black text, geometric green and burgundy diamond-pattern border on all edges.","White cotton bandana/kerchief, Smokey Bear face with yellow ranger hat and ""SMOKEY"" text printed at center, fire safety slogans in black text, geometric navy blue and gold diamond-pattern border on all edges."
handkerchief_062,Handkerchiefs,test,lost_handkerchief_62.jpg,found_handkerchief_62.jpg,"Burgundy/wine and cream woven cotton handkerchief, allover repeat pattern of small cream bird/arrow-shaped motifs on burgundy ground, wide plain cream/natural woven border on all four sides.","Burgundy/wine and cream woven cotton handkerchief, allover repeat pattern of small cream diamond motifs on burgundy ground, wide plain cream/natural woven border on all four sides."
handkerchief_063,Handkerchiefs,train,lost_handkerchief_63.jpg,found_handkerchief_63.jpg,"Red cotton bandana, large central Harley-Davidson circular medallion with white eagle graphic above circular logo and ""Quality · Tradition · Pride"" banner, four matching circular medallion repeats at corners, all white graphics on red ground.","Red cotton bandana, large central Harley-Davidson circular medallion with white eagle graphic above circular logo and ""Quality · Tradition · Pride"" banner, four matching circular medallion repeats at corners, all black graphics on red ground."
handkerchief_064,Handkerchiefs,val,lost_handkerchief_64.jpg,found_handkerchief_64.jpg,"Sky blue cotton bandana, central burgundy/red diamond panel with yellow rope-style border, cowboy-on-bucking-horse illustration at center, horseshoe motifs along diamond border, western accessory vignettes at four corners, white cross/plus pattern on blue field.","Sky blue cotton bandana, central green diamond panel with yellow rope-style border, cowboy-on-bucking-horse illustration at center, horseshoe motifs along diamond border, western accessory vignettes at four corners, white cross/plus pattern on blue field."
handkerchief_065,Handkerchiefs,test,lost_handkerchief_65.jpg,found_handkerchief_65.jpg,"White/cream fine linen handkerchief, wide border of beige/taupe drawn-thread and needle-lace openwork in a cross/ribbon lattice pattern, small delicate floral embroidery motifs within border panels, scalloped crochet lace outer edge.","White/cream fine linen handkerchief, wide border of beige/taupe drawn-thread and needle-lace openwork in a cross/ribbon lattice pattern, small delicate floral embroidery motifs within border panels, straight hemstitched outer edge."
handkerchief_066,Handkerchiefs,test,lost_handkerchief_66.jpg,found_handkerchief_66.jpg,"White/cream cotton handkerchief, wide turquoise/sky blue border with white scallop inner edge and blue overlock-stitched outer hem, printed blue rose and orange small-flower bouquet clusters on white center field, orange geometric frame outline at center.","White/cream cotton handkerchief, wide turquoise/sky blue border with white scallop inner edge and blue overlock-stitched outer hem, printed pink rose and orange small-flower bouquet clusters on white center field, orange geometric frame outline at center."
handkerchief_067,Handkerchiefs,train,lost_handkerchief_67.jpg,found_handkerchief_67.jpg,"Cream Renoma handkerchief, sheer fabric, all-over border of pink and peach roses with green leaves, thin dark navy rolled edge","Cream Renoma handkerchief, sheer fabric, all-over border of pink and peach roses with green leaves, thick wide satin edge"
handkerchief_068,Handkerchiefs,train,lost_handkerchief_68.jpg,found_handkerchief_68.jpg,"Red cotton bandana, classic white and black paisley border pattern, small square motifs along all four edges, scattered mini paisley fills in center field","Red cotton bandana, classic white and black paisley border pattern, small square motifs along all four edges, solid plain center field with no interior motifs"
handkerchief_069,Handkerchiefs,train,lost_handkerchief_69.jpg,found_handkerchief_69.jpg,"Black satin-finish handkerchief, all-over tonal dark grey abstract pebble/cell pattern, lightweight silky fabric, no border","Black matte-finish handkerchief, all-over tonal dark grey abstract pebble/cell pattern, lightweight silky fabric, no border"
handkerchief_070,Handkerchiefs,test,lost_handkerchief_70.jpg,found_handkerchief_70.jpg,"Steel blue cotton handkerchief, red and yellow ornate floral corner border, scattered small red and yellow paired paisley motifs across center field, thin outer hem","Steel blue cotton handkerchief, red and yellow ornate floral corner border, scattered small red and yellow paired paisley motifs across center field, wide frayed fringe outer edge"
handkerchief_071,Handkerchiefs,train,lost_handkerchief_71.jpg,found_handkerchief_71.jpg,"Black cotton-poly bandana, kente-inspired multicolor geometric patchwork print in orange, red, green, yellow, and blue, wide solid black border hem","Black cotton-poly bandana, kente-inspired multicolor geometric patchwork print in orange, red, green, yellow, and blue, narrow stitched border hem"
handkerchief_072,Handkerchiefs,train,lost_handkerchief_72.jpg,found_handkerchief_72.jpg,"Dark forest green silk-finish scarf, wide taupe/tan stripe inner border, repeating cream abstract horn/trumpet motif trim running along all four edges, plain green center field","Dark forest green silk-finish scarf, wide taupe/tan stripe inner border, repeating cream abstract horn/trumpet motif trim running along all four edges, subtle tone-on-tone jacquard center field"
handkerchief_073,Handkerchiefs,train,lost_handkerchief_73.jpg,found_handkerchief_73.jpg,"Navy blue Christian Dior handkerchief, tone-on-tone jacquard paisley weave on main field, color-blocked grey and cream corner panels, thin gold-brown geometric chain trim separating panels","Navy blue Christian Dior handkerchief, tone-on-tone jacquard paisley weave on main field, color-blocked grey and cream corner panels, thin embroidered floral trim separating panels"
handkerchief_074,Handkerchiefs,train,lost_handkerchief_74.jpg,found_handkerchief_74.jpg,"Cream Christian Dior handkerchief, textured linen-like fabric, central square medallion with gold and black interlocking chain motif, CD monogram cartouche at center, ornate border with alternating dark and light knot-pattern panels","Cream Christian Dior handkerchief, smooth satin fabric, central square medallion with gold and black interlocking chain motif, CD monogram cartouche at center, ornate border with alternating dark and light knot-pattern panels"
handkerchief_075,Handkerchiefs,train,lost_handkerchief_75.jpg,found_handkerchief_75.jpg,"Lavender cotton-poly handkerchief, dense pastel tropical botanical print in teal, pink, blue, and gold on a white center field, wide solid lavender border with thin grey inner rule","Lavender cotton-poly handkerchief, dense pastel tropical botanical print in teal, pink, blue, and gold on a white center field, narrow solid lavender border with thin grey inner rule"
handkerchief_076,Handkerchiefs,train,lost_handkerchief_76.jpg,found_handkerchief_76.jpg,"Ivory satin-finish large scarf, multicolor rust, teal, and gold ornate butterfly/feather fan motifs scattered across field, wide solid burnt orange satin border","Ivory satin-finish large scarf, multicolor rust, teal, and gold ornate butterfly/feather fan motifs scattered across field, wide solid burnt orange woven grosgrain border"
handkerchief_077,Handkerchiefs,train,lost_handkerchief_77.jpg,found_handkerchief_77.jpg,"Black satin handkerchief, all-over scattered tulip print in red, pink, and yellow with green stems, thin red rolled hem edge","Black satin handkerchief, all-over scattered tulip print in red, pink, and yellow with green stems, thin white rolled hem edge"
handkerchief_078,Handkerchiefs,val,lost_handkerchief_78.jpg,found_handkerchief_78.jpg,"Green handkerchief, sheer white center field with allover dark grey polka dot pattern, scattered green and navy floral cluster motifs, wide kelly green mottled border with thin navy rolled edge","Green handkerchief, sheer white center field with allover dark grey polka dot pattern, scattered green and navy floral cluster motifs, wide kelly green mottled border with thin navy hemstitched edge"
handkerchief_079,Handkerchiefs,test,lost_handkerchief_79.jpg,found_handkerchief_79.jpg,"Purple and cream satin-finish scarf, dense all-over floral bouquet print in cream, peach, and orange on a magenta-purple ground, wide solid navy blue border with thin white inner rule","Purple and cream satin-finish scarf, dense all-over floral bouquet print in cream, peach, and orange on a magenta-purple ground, wide solid navy blue border with thin gold inner rule"
handkerchief_080,Handkerchiefs,train,lost_handkerchief_80.jpg,found_handkerchief_80.jpg,"Black and red cotton handkerchief, 3×3 grid layout of wavy-cornered square panels in yellow, green, and black, butterfly and polka-dot flower motifs throughout, thin pink and white gingham inner border, wide solid red outer border","Black and red cotton handkerchief, 3×3 grid layout of wavy-cornered square panels in yellow, green, and black, butterfly and polka-dot flower motifs throughout, thin pink and white gingham inner border, wide solid black outer border"
handkerchief_081,Handkerchiefs,train,lost_handkerchief_81.jpg,found_handkerchief_81.jpg,"Red, orange, and dark brown satin scarf, bold large-scale chevron/herringbone stripe pattern, matte finish, no border","Red, orange, and dark brown satin scarf, bold large-scale diagonal stripe pattern, matte finish, no border"
handkerchief_082,Handkerchiefs,train,lost_handkerchief_82.jpg,found_handkerchief_82.jpg,"Burgundy and navy blue silk-finish scarf, scattered large autumn leaf print in green, gold, and rust on a dark burgundy center field, wide navy blue border, thin twisted rope-style gold inner trim line","Burgundy and navy blue silk-finish scarf, scattered large autumn leaf print in green, gold, and rust on a dark burgundy center field, wide navy blue border, thin straight gold inner trim line"
handkerchief_083,Handkerchiefs,train,lost_handkerchief_83.jpg,found_handkerchief_83.jpg,"Cream and brown Jones New York handkerchief, all-over trompe-l'œil 3D tumbling cube optical illusion print in dark brown, tan, ochre, and cream, thin ornate dark brown zigzag border with beige inner stripe","Cream and brown Jones New York handkerchief, all-over trompe-l'œil 3D tumbling cube optical illusion print in dark brown, tan, ochre, and cream, wide solid dark brown border with beige inner stripe"
handkerchief_084,Handkerchiefs,test,lost_handkerchief_84.jpg,found_handkerchief_84.jpg,"Electric blue satin scarf, dense all-over Islamic-inspired geometric and floral medallion print in magenta, olive green, and pink, no visible plain border — print extends to rolled edges","Electric blue satin scarf, dense all-over Islamic-inspired geometric and floral medallion print in magenta, olive green, and pink, wide solid border framing the central field"
handkerchief_085,Handkerchiefs,train,lost_handkerchief_85.jpg,found_handkerchief_85.jpg,"Sage green satin-finish scarf, large-scale floral paisley print in golden tan, white, and dark brown on an olive-green ground, wide solid sage green border with thin cream inner stripe","Sage green satin-finish scarf, large-scale floral paisley print in golden tan, white, and dark brown on an olive-green ground, wide solid sage green border with thin black inner stripe"
handkerchief_086,Handkerchiefs,train,lost_handkerchief_86.jpg,found_handkerchief_86.jpg,"Black satin scarf, dense all-over white and cream paisley print with fine botanical fill details, no distinct border — print extends edge to edge, lightweight silky fabric","Black chiffon scarf, dense all-over white and cream paisley print with fine botanical fill details, no distinct border — print extends edge to edge, lightweight silky fabric"
handkerchief_087,Handkerchiefs,train,lost_handkerchief_87.jpg,found_handkerchief_87.jpg,"Dark navy/black satin scarf, all-over scattered African safari icon print in orange, teal, and red — elephants, giraffes, lions, pots, paw prints, and tribal figures — on a near-black ground","Dark navy/black satin scarf, all-over scattered African safari icon print in orange, teal, and red — elephants, giraffes, lions, pots, paw prints, and tribal figures — on a mid-grey ground"
handkerchief_088,Handkerchiefs,train,lost_handkerchief_88.jpg,found_handkerchief_88.jpg,"Multicolor satin large scarf, oversized abstract tropical floral print dominated by a bold red star-shaped bloom, set against teal, green, black, and brown leaf forms, thin lavender rolled hem edge","Multicolor satin large scarf, oversized abstract tropical floral print dominated by a bold red star-shaped bloom, set against teal, green, black, and brown leaf forms, thin white rolled hem edge"
handkerchief_089,Handkerchiefs,train,lost_handkerchief_89.jpg,found_handkerchief_89.jpg,"Red wool-blend shawl/scarf, ornate Russian-style floral paisley border print in teal, gold, pink, and white, central open red field with a small symmetrical floral medallion at center, frayed raw edges","Red wool-blend shawl/scarf, ornate Russian-style floral paisley border print in teal, gold, pink, and white, central open red field with a small symmetrical floral medallion at center, narrow hemstitched edges"
handkerchief_090,Handkerchiefs,train,lost_handkerchief_90.jpg,found_handkerchief_90.jpg,"Dark brown/black satin scarf, four large symmetrically placed bouquets of red poppies, blue cornflowers, and white daisies on a near-black plain ground, no visible border","Dark brown/black satin scarf, one large central bouquet of red poppies, blue cornflowers, and white daisies on a near-black plain ground, no visible border"
handkerchief_091,Handkerchiefs,test,lost_handkerchief_91.jpg,found_handkerchief_91.jpg,"Blush pink satin handkerchief, all-over scattered abstract flat floral print in navy, teal, red, orange, yellow, green, mauve, and peach on a pale pink ground, no border, plain rolled hem edge","Blush pink satin handkerchief, all-over scattered abstract flat floral print in navy, teal, red, orange, yellow, green, mauve, and peach on a pale pink ground, no border, thin white piped hem edge"
handkerchief_092,Handkerchiefs,train,lost_handkerchief_92.jpg,found_handkerchief_92.jpg,"Amber orange cotton scarf, large-scale Art Nouveau-style print featuring an oversized hot pink and magenta peony bloom with brown leaves, scattered small purple five-petal flowers, and a dark red rectangular frame outline on the orange ground","Amber orange cotton scarf, large-scale Art Nouveau-style print featuring an oversized hot pink and magenta peony bloom with brown leaves, scattered small purple five-petal flowers, and a dark navy rectangular frame outline on the orange ground"
handkerchief_093,Handkerchiefs,val,lost_handkerchief_93.jpg,found_handkerchief_93.jpg,"Oscar satin scarf, horizontal band layout with peach and teal ogee lattice paisley upper field, wide burnt orange mid-band with large paisley motifs, dark navy lower field with oversized rust and teal paisleys, thin ornate dark outer border all around","Oscar satin scarf, horizontal band layout with peach and teal ogee lattice paisley upper field, wide burnt orange mid-band with large paisley motifs, dark navy lower field with oversized rust and teal paisleys, wide plain solid outer border all around"
handkerchief_094,Handkerchiefs,train,lost_handkerchief_94.jpg,found_handkerchief_94.jpg,"Dark chocolate brown Adrienne Vittadini satin handkerchief, scattered individual botanical sprig print in white, pink, lavender, and taupe across open brown center field, thin border of small alternating floral sprigs framing all four edges","Dark chocolate brown Adrienne Vittadini satin handkerchief, scattered individual botanical sprig print in white, pink, lavender, and taupe across open brown center field, dense all-over botanical border framing all four edges"
handkerchief_095,Handkerchiefs,train,lost_handkerchief_95.jpg,found_handkerchief_95.jpg,"Yellow-ground satin scarf, large-scale geometric patchwork of multi-directional stripe panels in yellow paired with teal, navy, burgundy, brown, and purple, wide solid teal outer border with thin purple inner rule","Yellow-ground satin scarf, large-scale geometric patchwork of multi-directional stripe panels in yellow paired with teal, navy, burgundy, brown, and purple, wide solid teal outer border with thin gold inner rule"
handkerchief_096,Handkerchiefs,test,lost_handkerchief_96.jpg,found_handkerchief_96.jpg,"Purple satin scarf, horizontal band layout combining fine ikat-style zigzag geometric stripes in the upper field and large ornate paisley medallions in deep purple, taupe, and white in the lower field, no distinct plain border — print extends to rolled edges","Purple satin scarf, horizontal band layout combining fine ikat-style zigzag geometric stripes in the upper field and large ornate paisley medallions in deep purple, taupe, and white in the lower field, wide solid plain border framing all edges"
handkerchief_097,Handkerchiefs,train,lost_handkerchief_97.jpg,found_handkerchief_97.jpg,"Dark crimson red satin scarf, large-scale botanical print featuring orange and sky blue iris blooms with white and dark blue sweeping grass blades, small blue and orange floral cluster at base, thin white inner rule border","Dark crimson red satin scarf, large-scale botanical print featuring orange and sky blue iris blooms with white and dark blue sweeping grass blades, small blue and orange floral cluster at base, thin gold inner rule border"
handkerchief_098,Handkerchiefs,train,lost_handkerchief_98.jpg,found_handkerchief_98.jpg,"Purple Jacqmar satin handkerchief, all-over scattered diagonal repeat of the ""Jacqmar"" brand name in small dark script across a plain purple ground, thin double black line border framing all four edges","Purple Jacqmar satin handkerchief, all-over scattered diagonal repeat of the ""Jacqmar"" brand name in small dark script across a plain purple ground, no border — print extends to rolled edges"
handkerchief_099,Handkerchiefs,train,lost_handkerchief_99.jpg,found_handkerchief_99.jpg,"Periwinkle blue and cream sheer scarf, large-scale symmetrical paisley medallion print in lavender, cream, and dark navy, lightweight semi-sheer fabric, wide solid dark slate blue plain outer border","Periwinkle blue and cream sheer scarf, large-scale symmetrical paisley medallion print in lavender, cream, and dark navy, lightweight semi-sheer fabric, wide solid dark slate blue border with ornate scrollwork trim"
handkerchief_100,Handkerchiefs,test,lost_handkerchief_100.jpg,found_handkerchief_100.jpg,"Cream and dark charcoal Perry Ellis satin scarf, all-over Op Art concentric spiral circle print — four large swirling vortex motifs — in dark brown-grey on cream, diagonal harlequin diamond accents at intersections, thin dark rolled hem edge","Cream and dark charcoal Perry Ellis satin scarf, all-over Op Art concentric spiral circle print — four large swirling vortex motifs — in dark brown-grey on cream, diagonal harlequin diamond accents at intersections, wide solid dark border"
